,Year,Month,Day,Hour,Minute,Temperature(2m)[ÅãC],Mean Sea Level Pressure[hpa],Radiation[W/m2],Wind Speed(10m)[m/s],Wind Direction(10m),Wind Speed(80m)[m/s],Wind Direction(80m),Time,ts,É÷,n,É¬ the solar declination,cosÉ∆,É∆(radian),É∆(degree),cosÉ∆z,É∆z(radian),É∆z(degree),Gon(the extraterrestrial normal radiation)[kW/m2],Go(the extraterrestrial horizontal radiation)[kW/m2],_Go(the extraterrestrial horizontal radiation averaged over the time step )[kW/m2],the global horizontal radiation[kW/m2],kt(the clearness index),_Gd(the diffuse radiation)[kW/m2],_Gb(the beam radiation)[kW/m2],_G,Rb,Af,f,_Gt,temperature[K],Tc(the PV cell temperature)[K],Tc(the PV cell temperature)[ÅãC],Ppv(the output of the PV array)[Wh],V_COE[power law],Éœ(air dencity),Wind Speed(30.5)[m/s],Pwt[kW],Pwt_STP[kW]
0,2019,4,15,0,0,10.62,1016.3,0.0,5.37,294.18,8.14,294.68,2019-04-15 00:00:00,0,-180,105,9.414893346880072,-0.9855149654290306,2.9711805668731666,170.2361066531199,-0.7341578890893706,2.3952219137150386,137.23610665311995,1.3564218589250892,0.9958278086631237,1.1029531154958758,0.0,0.0,0.0,0.0,0.0,1.3423746854391723,0.0,0.0,0.0,283.77,283.77,10.620000000000005,0.0,0.20003556876027817,1.2478820814668208,6.711992762344529,0.5535761916224238,0.5434254123918195
1,2019,4,15,1,0,10.35,1016.7,0.0,5.63,303.41,8.94,306.36,2019-04-15 01:00:00,1,-165,105,9.414893346880072,-0.9519004055628577,2.830175848461586,162.15713139670572,-0.7060778649178898,2.354740439469854,134.91668903040332,1.3564218589250892,0.9577394500777819,1.0276435994465587,0.0,0.0,0.0,0.0,0.0,1.3481521696952712,0.0,0.0,0.0,283.5,283.5,10.350000000000023,0.0,0.2223799697010294,1.2495621554855005,7.214512304561784,0.6196216171709773,0.6074419569305328
2,2019,4,15,2,0,9.28,1017.0,0.0,5.38,313.49,8.49,315.0,2019-04-15 02:00:00,2,-150,105,9.414893346880072,-0.8533475026685324,2.593169199520431,148.5776506958388,-0.6237513996463001,2.244329393351699,128.59060207620874,1.3564218589250892,0.8460700330153608,0.8821567864118316,0.0,0.0,0.0,0.0,0.0,1.368089118761778,0.0,0.0,0.0,282.42999999999995,282.42999999999995,9.279999999999973,0.0,0.21938612699880483,1.2546662914593498,6.8711739260791225,0.5744971445703989,0.5609132937493443
3,2019,4,15,3,0,8.44,1017.2,0.0,5.0,323.13,8.29,326.31,2019-04-15 03:00:00,3,-135,105,9.414893346880072,-0.6965724742119297,2.341405545761337,134.15265590064973,-0.4927889058319432,2.0860882720022964,119.52405367747048,1.3564218589250892,0.6684296437062252,0.6764073622716789,0.0,0.0,0.0,0.0,0.0,1.413531161047451,0.0,0.0,0.0,281.59,281.59,8.439999999999998,0.0,0.24314800227788777,1.2586565116233317,6.557322488853236,0.5332480985349968,0.518989028915347
4,2019,4,15,4,0,7.77,1017.6,0.0,4.57,331.19,7.78,332.45,2019-04-15 04:00:00,4,-120,105,9.414893346880072,-0.492259279299383,2.0854797148692117,119.48918592215215,-0.32211526100251403,1.8987593181496374,108.79089524111215,1.3564218589250892,0.43692418111717035,0.424416810264254,0.0,0.0,0.0,0.0,0.0,1.5282084983099917,0.0,0.0,0.0,280.91999999999996,280.91999999999996,7.769999999999982,0.0,0.2558586633093741,1.2621545633287543,6.0789491367096185,0.4703761722532641,0.45652951528422475
5,2019,4,15,5,0,7.1,1018.2,0.0,4.07,335.32,7.48,337.2,2019-04-15 05:00:00,5,-105,105,9.414893346880072,-0.254331524520664,1.8279527628305419,104.73397845946839,-0.12336159200160444,1.6944729689194296,97.08614961808563,1.3564218589250892,0.1673303599427746,0.14335787007478656,0.0,0.0,0.0,0.0,0.0,2.061675116168703,0.0,0.0,0.0,280.25,280.25,7.100000000000023,0.0,0.29266982520712986,1.2659179988002254,5.640717613556362,0.41278002921026463,0.3994378279334124
6,2019,4,15,6,0,6.76,1018.7,0.89,3.73,339.62,7.02,342.6,2019-04-15 06:00:00,6,-90,105,9.414893346880072,0.0009964068302642562,1.5697999197997559,89.94291008450112,0.08992736708434222,1.4807473104182114,84.8405714123115,1.3564218589250892,0.12197944642878228,0.1476157559946711,0.0008900000000000001,0.006029166697030152,0.0008895170637475679,4.829362524321357e-07,0.0008900000000000001,0.011080129026014223,7.128900000000304e-08,0.02329431266924905,0.0008325644540978907,279.90999999999997,279.92959301681975,6.779593016819774,0.13559501830240642,0.30409846668310764,1.2680780793527837,5.2358074938829455,0.3595632706246157,0.347348490354761
7,2019,4,15,7,0,9.72,1018.9,115.7,3.86,343.44,5.75,346.93,2019-04-15 07:00:00,7,-75,105,9.414893346880072,0.25632433818119227,1.3115787594698567,75.14792741662694,0.3032163261702887,1.262730251010496,72.34911404639648,1.3564218589250892,0.4112892528003392,0.42867469618413906,0.1157,0.26990163177324694,0.11220644559622757,0.003493554403772428,0.1157,0.8453513747714181,0.0014975983726399067,0.17376690901033073,0.10837282151796264,282.87,285.42037373305607,12.27037373305609,17.41125407791898,0.1916537028545524,1.255055048618756,4.779749783217653,0.29962425722289154,0.2924490965571476
8,2019,4,15,8,0,12.25,1019.3,329.3,5.38,350.36,5.71,348.89,2019-04-15 08:00:00,8,-60,105,9.414893346880072,0.4942520929599117,1.0538220428601783,60.379555413742764,0.5019699951711987,1.0449212990274046,59.869580357597734,1.3564218589250892,0.6808830739747355,0.6806652481915634,0.32930000000000004,0.4837914097640597,0.22930640830683718,0.09999359169316285,0.32930000000000004,0.9846247738200871,0.06806216290739255,0.5510490001683935,0.318077430985833,285.4,292.88542220919993,19.735422209199953,50.14961525963804,0.02862819093540618,1.2444176398916857,5.554524720414556,0.4014518203973417,0.39518764779768634
9,2019,4,15,9,0,13.35,1019.8,531.33,5.46,351.57,5.57,350.71,2019-04-15 09:00:00,9,-45,105,9.414893346880072,0.6985652878724582,0.7974058561607708,45.68799011702816,0.6726436400006276,0.8330206664510236,47.72856843481874,1.3564218589250892,0.9123885365637897,0.8864146723317158,0.5313300000000001,0.599414717044716,0.23632433671420322,0.29500566328579686,0.5313300000000001,1.038536970143368,0.2614973483574801,0.7451316448613775,0.5423129589817473,286.5,299.2624316347038,26.112431634703796,84.11575211162543,0.009592125473393175,1.2402478549841596,5.518716790715506,0.39674563535118074,0.39186796522329304
10,2019,4,15,10,0,14.42,1020.2,704.88,5.57,350.71,5.38,350.36,2019-04-15 10:00:00,10,-30,105,9.414893346880072,0.8553403163290607,0.5445889460613547,31.202648178793257,0.8036061338149844,0.6374665721282966,36.52414416362327,1.3564218589250892,1.090028925872925,1.0319014853664445,0.70488,0.6830884633814496,0.19437266054751423,0.5105073394524857,0.70488,1.064377535632384,0.5267932818714918,0.8510271216952278,0.7499381163635013,287.57,305.2185436717544,32.06854367175441,114.52696641305619,-0.01669038492780256,1.2361177566340764,5.467289166187788,0.38998657612753784,0.38647900104363253
11,2019,4,15,11,0,14.99,1020.3,835.71,5.75,346.93,5.58,345.47,2019-04-15 11:00:00,11,-15,105,9.414893346880072,0.9538932192233863,0.304845890661371,17.466382936803114,0.8859325990865742,0.4822954430742789,27.63349336654823,1.3564218589250892,1.2016983429353467,1.1072110014157597,0.8357100000000001,0.754788381736996,0.15316691118003278,0.6825430888199673,0.8357100000000001,1.0767108245106702,0.7557192168817618,0.9037269578022421,0.9081243256562456,288.14,309.511192463777,36.361192463777,137.1199431509488,-0.014432278000850004,1.2337933868287507,5.658200005256009,0.415077714976504,0.4121194085446922
12,2019,4,15,12,0,15.32,1020.6,914.03,5.8,345.0,5.39,344.93,2019-04-15 12:00:00,12,0,105,9.414893346880072,0.9875077790895591,0.15822968853770575,9.065893346880078,0.9140126232580549,0.4177289646204233,23.93410665311994,1.3564218589250892,1.239786701520688,1.1072110014157597,0.91403,0.8255246731031894,0.15081495,0.76321505,0.91403,1.0804093444240694,0.8450400998060791,0.9137833441248533,0.9989579893260829,288.46999999999997,311.97881134880714,38.828811348807164,149.84586004574535,-0.03525587575414299,1.2327443273046106,5.576395635288884,0.40432628349511046,0.40178623118427215
13,2019,4,15,13,0,15.5,1020.9,935.39,5.76,342.82,5.47,341.9,2019-04-15 13:00:00,13,15,105,9.414893346880072,0.9538932192233863,0.304845890661371,17.466382936803114,0.8859325990865742,0.4822954430742789,27.63349336654823,1.3564218589250892,1.2016983429353467,1.0319014853664445,0.9353899999999999,0.9064721906741205,0.15433935,0.78105065,0.9353899999999999,1.0767108245106702,0.8059673258814269,0.9137833441248533,1.018098586336053,288.65,312.60925339844175,39.459253398441774,152.45940023685472,-0.024842659549918596,1.2323377298260376,5.602620259676722,0.40777294841465483,0.4053449389060473
14,2019,4,15,14,0,15.4,1020.5,895.34,5.6,341.24,5.19,340.87,2019-04-15 14:00:00,14,30,105,9.414893346880072,0.8553403163290607,0.5445889460613547,31.202648178793257,0.8036061338149844,0.6374665721282966,36.52414416362327,1.3564218589250892,1.090028925872925,0.8864146723317158,0.89534,1.0100690206817156,0.1477311,0.7476089,0.89534,1.064377535632384,0.6626914981257745,0.9137833441248533,0.9611557092732668,288.54999999999995,311.16919769156414,38.01919769156416,144.48773256767993,-0.036564096195695145,1.232281798274081,5.376257248448301,0.37802238122463383,0.3757885717769727
15,2019,4,15,15,0,15.16,1020.4,800.11,5.19,340.87,4.87,340.82,2019-04-15 15:00:00,15,45,105,9.414893346880072,0.6985652878724582,0.7974058561607708,45.68799011702816,0.6726436400006276,0.8330206664510236,47.72856843481874,1.3564218589250892,0.9123885365637897,0.6806652481915634,0.80011,1.1754823712915936,0.13201815,0.6680918499999999,0.8001099999999999,1.038536970143368,0.4547469048950107,0.9137833441248533,0.8366568104306944,288.31,307.999323605469,34.84932360546901,126.83652696171163,-0.03060425542517956,1.2331867423482057,5.015863645768828,0.3306563648724745,0.3284612403450647
16,2019,4,15,16,0,14.64,1020.1,651.48,4.74,341.57,4.4,342.8,2019-04-15 16:00:00,16,60,105,9.414893346880072,0.4942520929599117,1.0538220428601783,60.379555413742764,0.5019699951711987,1.0449212990274046,59.869580357597734,1.3564218589250892,0.6808830739747355,0.42867469618413906,0.6514800000000001,1.5197538035232059,0.10749420000000001,0.5439858000000001,0.6514800000000001,0.9846247738200871,0.23319294754348585,0.9137833441248533,0.6481784041127734,287.78999999999996,303.0437984434539,29.89379844345393,99.55242502285857,-0.03579451179119984,1.2350517393574705,4.554524738699187,0.27002325137189315,0.26782560793983823
17,2019,4,15,17,0,13.85,1020.1,463.69,4.11,341.57,3.98,342.47,2019-04-15 17:00:00,17,75,105,9.414893346880072,0.25632433818119227,1.3115787594698567,75.14792741662694,0.3032163261702887,1.262730251010496,72.34911404639648,1.3564218589250892,0.4112892528003392,0.1476157559946711,0.46369,3.1411958491527088,0.07650885,0.38718115,0.46369,0.8453513747714181,0.05715403816413615,0.9137833441248533,0.4061869084607859,287.0,296.5589319124438,23.408931912443848,63.442550162190166,-0.015456654379344724,1.2384513591278272,4.039765599475005,0.20236919307385776,0.20017117320623687
18,2019,4,15,18,0,12.45,1020.5,252.76,3.07,340.97,3.32,344.29,2019-04-15 18:00:00,18,90,105,9.414893346880072,0.0009964068302642562,1.5697999197997559,89.94291008450112,0.08992736708434222,1.4807473104182114,84.8405714123115,1.3564218589250892,0.12197944642878228,0.14335787007478656,0.25276,1.7631400345732033,0.0417054,0.21105459999999998,0.25276,0.011080129026014223,0.030256337925486047,0.9137833441248533,0.04438981675221762,285.59999999999997,286.6446403542355,13.494640354235514,7.109889374041422,0.03764819532558181,1.245010199201632,3.201631840618092,0.09221447048123493,0.09073237023435682
19,2019,4,15,19,0,10.05,1020.8,52.51,1.84,330.64,2.09,343.3,2019-04-15 19:00:00,19,105,105,9.414893346880072,-0.254331524520664,1.8279527628305419,104.73397845946839,-0.12336159200160444,1.6944729689194296,97.08614961808563,1.3564218589250892,0.1673303599427746,0.424416810264254,0.05251,0.12372271486444135,0.05192529882182213,0.0005847011781778683,0.05251,2.061675116168703,0.00024815700900000207,0.1055227195337564,0.049919460100641515,283.2,284.37477129436843,11.224771294368452,8.041043210719687,0.06126572534128989,1.2559302348471428,1.9701024176008863,0.0,0.0
20,2019,4,15,20,0,9.55,1021.6,0.0,1.2,311.63,1.17,340.02,2019-04-15 20:00:00,20,120,105,9.414893346880072,-0.492259279299383,2.0854797148692117,119.48918592215215,-0.32211526100251403,1.8987593181496374,108.79089524111215,1.3564218589250892,0.43692418111717035,0.6764073622716789,0.0,0.0,0.0,0.0,0.0,1.5282084983099917,0.0,0.0,0.0,282.7,282.7,9.550000000000011,0.0,-0.012175292008371348,1.2591375597923953,1.1838174955367071,0.0,0.0
21,2019,4,15,21,0,9.79,1020.7,0.0,1.3,360.0,2.01,26.57,2019-04-15 21:00:00,21,135,105,9.414893346880072,-0.6965724742119297,2.341405545761337,134.15265590064973,-0.4927889058319432,2.0860882720022964,119.52405367747048,1.3564218589250892,0.6684296437062252,0.8821567864118316,0.0,0.0,0.0,0.0,0.0,1.413531161047451,0.0,0.0,0.0,282.94,282.94,9.79000000000002,0.0,0.20956129271682467,1.256961190722895,1.6422295130089932,0.0,0.0
22,2019,4,15,22,0,9.67,1021.0,0.0,1.08,21.8,2.2,39.47,2019-04-15 22:00:00,22,150,105,9.414893346880072,-0.8533475026685324,2.593169199520431,148.5776506958388,-0.6237513996463001,2.244329393351699,128.59060207620874,1.3564218589250892,0.8460700330153608,1.0276435994465587,0.0,0.0,0.0,0.0,0.0,1.368089118761778,0.0,0.0,0.0,282.82,282.82,9.670000000000016,0.0,0.3421574037870638,1.257864114701438,1.5817233692367076,0.0,0.0
23,2019,4,15,23,0,8.94,1021.2,0.0,0.98,66.04,2.25,57.72,2019-04-15 23:00:00,23,165,105,9.414893346880072,-0.9519004055628577,2.830175848461586,162.15713139670572,-0.7060778649178898,2.354740439469854,134.91668903040332,1.3564218589250892,0.9577394500777819,1.1540477465344916,0.0,0.0,0.0,0.0,0.0,1.3481521696952712,0.0,0.0,0.0,282.09,282.09,8.939999999999998,0.0,0.399690449033943,1.2613662849835532,1.5303687750005437,0.0,0.0
24,2019,4,16,0,0,8.4,1021.0,0.0,1.22,99.46,2.21,71.57,2019-04-16 00:00:00,0,-180,106,9.783189981258822,-0.9844044998665237,2.964752577979245,169.86781001874124,-0.7297782837421123,2.388793924821116,136.8678100187412,1.355668565028092,0.9893374787093333,1.1010581246037396,0.0,0.0,0.0,0.0,0.0,1.348909006744836,0.0,0.0,0.0,281.54999999999995,281.54999999999995,8.399999999999977,0.0,0.28572174060951505,1.2635380178293756,1.677779268581846,0.0,0.0
25,2019,4,16,1,0,7.94,1021.1,0.0,1.43,114.78,2.33,80.13,2019-04-16 01:00:00,1,-165,106,9.783189981258822,-0.9508264627411792,2.826689770153133,161.95739382257923,-0.7017287689525586,2.3486174653667584,134.56586845622806,1.355668565028092,0.9513116332448447,1.0258722114885743,0.0,0.0,0.0,0.0,0.0,1.3549771718215833,0.0,0.0,0.0,281.09,281.09,7.939999999999998,0.0,0.23477160262529703,1.2657297382526436,1.8579579767217305,0.0,0.0
26,2019,4,16,2,0,7.36,1020.9,0.0,1.61,119.74,2.3,87.51,2019-04-16 02:00:00,2,-150,106,9.783189981258822,-0.8523806391049085,2.591317439920404,148.47155268608444,-0.6194917526627912,2.2388914182379622,128.27902905309446,1.355668565028092,0.839825495379104,0.880624180986452,0.0,0.0,0.0,0.0,0.0,1.375935410667018,0.0,0.0,0.0,280.51,280.51,7.360000000000014,0.0,0.1715243909432527,1.2680984125852401,1.9493737382926057,0.0,0.0
27,2019,4,16,3,0,7.19,1020.7,0.0,1.84,119.36,2.3,90.0,2019-04-16 03:00:00,3,-135,106,9.783189981258822,-0.6957759491491069,2.3402959827106904,134.08908262074402,-0.48867155162986226,2.0813627962416623,119.25330386019478,1.355668565028092,0.6624766611681067,0.6752124463423665,0.0,0.0,0.0,0.0,0.0,1.423811037963006,0.0,0.0,0.0,280.34,280.34,7.189999999999998,0.0,0.10730936496245404,1.2686188175184987,2.073899616154914,0.0,0.0
28,2019,4,16,4,0,7.15,1020.4,0.0,2.15,117.76,2.41,94.76,2019-04-16 04:00:00,4,-120,106,9.783189981258822,-0.491684743692776,2.084819792565284,119.45137515933054,-0.318183346363562,1.894608954024424,108.55309689329492,1.355668565028092,0.4313511605805265,0.4236354778133731,0.0,0.0,0.0,0.0,0.0,1.5452874869540412,0.0,0.0,0.0,280.29999999999995,280.29999999999995,7.149999999999977,0.0,0.05489882888016715,1.2684269343075676,2.285735397390459,0.0,0.0
29,2019,4,16,5,0,7.22,1020.7,0.0,2.28,118.81,2.43,99.46,2019-04-16 05:00:00,5,-105,106,9.783189981258822,-0.25401550111110116,1.8276260083563511,104.71525680716024,-0.11964562630770847,1.6907292638084792,96.87165111548663,1.355668565028092,0.1621998145284584,0.14303783005412488,0.0,0.0,0.0,0.0,0.0,2.1230654972528282,0.0,0.0,0.0,280.37,280.37,7.220000000000027,0.0,0.03064082981367979,1.2684830734498553,2.359251261593625,0.0,0.0
30,2019,4,16,6,0,7.49,1020.8,1.78,2.42,119.74,2.57,103.5,2019-04-16 06:00:00,6,-90,106,9.783189981258822,0.0010350124809713388,1.5697613141291322,89.94069814250912,0.09341159101498797,1.4772483522635977,84.64009587735926,1.355668565028092,0.12663515754827973,0.14745823095012336,0.0017800000000000001,0.012071214936805201,0.001778066191367124,1.9338086328761234e-06,0.0017800000000000001,0.011080129026014235,2.851559999999897e-07,0.032960724268626576,0.0016646109580330014,280.64,280.6791738445457,7.52917384454571,0.27060492460114505,0.028920437306427824,1.2673868390418714,2.4993180699069875,0.0,0.0
31,2019,4,16,7,0,10.65,1020.7,125.49,2.06,112.83,2.61,94.4,2019-04-16 07:00:00,7,-75,106,9.783189981258822,0.2560855260730436,1.3118258177703281,75.16208281453763,0.3064688083376842,1.2593152207473393,72.15344722540814,1.355668565028092,0.4154701296250178,0.42805587870937206,0.12549,0.2931626599273999,0.12010947790465652,0.005380522095343468,0.12549,0.8356006193976989,0.00230316411343744,0.2070654544852384,0.11744082413983113,283.79999999999995,286.563774061424,13.413774061424022,18.814235224870938,0.11380182312888866,1.2531522174176741,2.3387372076680593,0.0,0.0
32,2019,4,16,8,0,14.7,1020.9,317.73,2.02,98.53,2.5,92.29,2019-04-16 08:00:00,8,-60,106,9.783189981258822,0.4937547686547188,1.0543940350682892,60.41232815318189,0.5050065283935381,1.0414067977359294,59.66821426650293,1.355668565028092,0.684621475677086,0.679632847238365,0.31773,0.467502418829624,0.23143656813372127,0.08629343186627875,0.31773,0.9777195756763541,0.058647850797248886,0.5211464205218094,0.30544831604460626,287.84999999999997,295.038217037583,21.888217037583047,47.89455060301371,0.10252426730343077,1.2357626740117622,2.2646644130088935,0.0,0.0
33,2019,4,16,9,0,17.86,1020.6,482.38,2.0,90.0,2.0,87.14,2019-04-16 09:00:00,9,-45,106,9.783189981258822,0.6978459741110495,0.7984106286486687,45.74555933995557,0.6754947336598383,0.8291608823235993,47.50741909448574,1.355668565028092,0.9157469762646661,0.88504458188245,0.48238,0.5450346907655198,0.2730047467752435,0.20937525322475647,0.48238,1.0330886968283408,0.18530643344683673,0.6588219015718174,0.48390930076565053,291.01,302.3979988780183,29.247998878018336,74.44807908158431,0.0,1.2219846606562008,2.0,0.0,0.0
34,2019,4,16,10,0,19.71,1020.4,608.76,1.94,78.11,1.91,83.99,2019-04-16 10:00:00,10,-30,106,9.783189981258822,0.854450664066851,0.5463037741802826,31.30090059259819,0.8063149346927672,0.6329011132348502,36.26256263748832,1.355668565028092,1.0930958104756634,1.0302926123845741,0.60876,0.5908612686167355,0.2822967650254687,0.3264632349745313,0.60876,1.0596984221710157,0.33635265920942886,0.7323085179408118,0.6315162931178522,292.85999999999996,307.72168343137344,34.57168343137346,95.80774869570062,-0.007494671383793025,1.2140274181739095,1.9238537836026397,0.0,0.0
35,2019,4,16,11,0,20.99,1019.9,729.8,2.25,69.15,2.26,77.2,2019-04-16 11:00:00,11,-15,106,9.783189981258822,0.9528964877031219,0.3081493757179006,17.655658688226794,0.8885519509825346,0.4766172007126196,27.308154044172756,1.355668565028092,1.2045819483414042,1.1054785254997372,0.7298,0.6601666004050962,0.23185983348536118,0.4979401665146388,0.7298,1.0724150531090917,0.5504621610656966,0.8260125590807716,0.7802801926535151,294.14,312.5025938671127,39.35259386711272,116.87969731751609,0.0021325903993834575,1.2081520828807255,2.2553571831043087,0.0,0.0
36,2019,4,16,12,0,22.04,1019.2,807.23,2.47,68.63,2.43,80.54,2019-04-16 12:00:00,12,0,106,9.783189981258822,0.9864745248284662,0.16465767743162796,9.434189981258786,0.916601465772088,0.41130097572650004,23.56581001874117,1.355668565028092,1.2426077938058924,1.1054785254997372,0.80723,0.7302086665456369,0.16700310674043747,0.6402268932595625,0.80723,1.0762305774816991,0.7077570819458588,0.8905705094154976,0.8750467087496839,295.19,315.78276587924256,42.632765879242584,129.92303702147447,-0.007851575992965603,1.2030283926268242,2.448468021667587,0.0,0.0
37,2019,4,16,13,0,22.77,1018.7,895.34,2.26,77.2,2.3,87.51,2019-04-16 13:00:00,13,15,106,9.783189981258822,0.9528964877031219,0.3081493757179006,17.655658688226794,0.8885519509825346,0.4766172007126196,27.308154044172756,1.355668565028092,1.2045819483414042,1.0302926123845741,0.89534,0.8690152576439122,0.1477311,0.7476089,0.89534,1.0724150531090917,0.7702559266229579,0.9137833441248533,0.9700782019228879,295.91999999999996,318.74917368525195,45.59917368525197,142.8780202807795,0.008437029509729185,1.1994719356300272,2.2813635119911075,0.0,0.0
38,2019,4,16,14,0,23.07,1018.0,878.43,1.84,77.47,1.8,90.0,2019-04-16 14:00:00,14,30,106,9.783189981258822,0.854450664066851,0.5463037741802826,31.30090059259819,0.8063149346927672,0.6329011132348502,36.26256263748832,1.355668565028092,1.0930958104756634,0.88504458188245,0.8784299999999999,0.9925262726670998,0.14494094999999999,0.73348905,0.8784299999999999,1.0596984221710157,0.6491705095726055,0.9137833441248533,0.9388837978759786,296.21999999999997,318.31506537668133,45.165065376681355,138.44712139907853,-0.010569619909112715,1.1974337747370645,1.8184399239685336,0.0,0.0
39,2019,4,16,15,0,23.03,1017.5,768.96,1.3,85.6,1.2,90.0,2019-04-16 15:00:00,15,45,106,9.783189981258822,0.6978459741110495,0.7984106286486687,45.74555933995557,0.6754947336598383,0.8291608823235993,47.50741909448574,1.355668565028092,0.9157469762646661,0.679632847238365,0.7689600000000001,1.1314344254027877,0.12687840000000003,0.6420816,0.7689600000000001,1.0330886968283408,0.436379745967365,0.9137833441248533,0.8000511370633355,296.17999999999995,315.0078700922238,41.857870092223834,119.03683206285908,-0.03849240580664536,1.1970072818041013,1.2453788512616655,0.0,0.0
40,2019,4,16,16,0,21.93,1017.2,623.89,0.81,209.74,1.06,228.81,2019-04-16 16:00:00,16,60,106,9.783189981258822,0.4937547686547188,1.0543940350682892,60.41232815318189,0.5050065283935381,1.0414067977359294,59.66821426650293,1.355668565028092,0.684621475677086,0.42805587870937206,0.62389,1.4574966284333855,0.10294185,0.5209481499999999,0.62389,0.9777195756763541,0.22299491811027172,0.9137833441248533,0.6169241267142666,295.08,309.5982811153424,36.44828111534241,93.12934125445925,0.1293568172261915,1.2011152470788056,0.9356911130477611,0.0,0.0
41,2019,4,16,17,0,18.49,1017.9,372.02,3.37,258.02,5.02,265.43,2019-04-16 17:00:00,17,75,106,9.783189981258822,0.2560855260730436,1.3118258177703281,75.16208281453763,0.3064688083376842,1.2593152207473393,72.15344722540814,1.355668565028092,0.4154701296250178,0.14745823095012336,0.37201999999999996,2.5228839217922867,0.061383299999999995,0.3106367,0.37201999999999996,0.8356006193976989,0.04580593825018418,0.9137833441248533,0.32289366567697186,291.64,299.23876426559804,26.08876426559806,50.08566793429245,0.19164625758963783,1.2161191521980468,4.172959335479918,0.2198746555202178,0.2214803150870889
42,2019,4,16,18,0,15.62,1018.7,207.37,4.31,266.01,6.2,268.15,2019-04-16 18:00:00,18,90,106,9.783189981258822,0.0010350124809713388,1.5697613141291322,89.94069814250912,0.09341159101498797,1.4772483522635977,84.64009587735926,1.355668565028092,0.12663515754827973,0.14303783005412488,0.20737,1.4497563331430021,0.034216050000000005,0.17315395,0.20737,0.011080129026014235,0.024767565273300436,0.9137833441248533,0.036592594552630676,288.77,289.63114572513854,16.48114572513856,5.81715483646253,0.17486011539504653,1.2291710883805025,5.237957809377089,0.3598458835181316,0.35862477687341576
43,2019,4,16,19,0,12.91,1018.8,53.4,2.9,268.03,5.64,262.87,2019-04-16 19:00:00,19,105,106,9.783189981258822,-0.25401550111110116,1.8276260083563511,104.71525680716024,-0.11964562630770847,1.6907292638084792,96.87165111548663,1.355668565028092,0.1621998145284584,0.4236354778133731,0.053399999999999996,0.1260517657199727,0.05279419521394981,0.0006058047860501847,0.053399999999999996,2.1230654972528282,0.0002566403999999983,0.10651130885871916,0.050817943269558026,286.06,287.25591559827694,14.105915598276965,8.127011771496045,0.319880754127953,1.240937490027311,4.143012043154711,0.21593872567176195,0.21316540202366413
44,2019,4,16,20,0,12.97,1019.1,0.0,1.7,270.0,4.1,270.0,2019-04-16 20:00:00,20,120,106,9.783189981258822,-0.491684743692776,2.084819792565284,119.45137515933054,-0.318183346363562,1.894608954024424,108.55309689329492,1.355668565028092,0.4313511605805265,0.6752124463423665,0.0,0.0,0.0,0.0,0.0,1.5452874869540412,0.0,0.0,0.0,286.12,286.12,12.970000000000027,0.0,0.42336305445591477,1.241042597560245,2.72573468518016,0.029667987195106715,0.02928447773303888
45,2019,4,16,21,0,13.56,1017.4,0.0,0.36,213.69,0.71,225.0,2019-04-16 21:00:00,21,135,106,9.783189981258822,-0.6957759491491069,2.3402959827106904,134.08908262074402,-0.48867155162986226,2.0813627962416623,119.25330386019478,1.355668565028092,0.6624766611681067,0.880624180986452,0.0,0.0,0.0,0.0,0.0,1.423811037963006,0.0,0.0,0.0,286.71,286.71,13.560000000000002,0.0,0.32660737268745654,1.2364227739498581,0.5181773180578735,0.0,0.0
46,2019,4,16,22,0,14.7,1017.5,0.0,1.03,150.95,1.12,169.7,2019-04-16 22:00:00,22,150,106,9.783189981258822,-0.8523806391049085,2.591317439920404,148.47155268608444,-0.6194917526627912,2.2388914182379622,128.27902905309446,1.355668565028092,0.839825495379104,1.0258722114885743,0.0,0.0,0.0,0.0,0.0,1.375935410667018,0.0,0.0,0.0,287.84999999999997,287.84999999999997,14.699999999999989,0.0,0.040284798291462,1.2316470964903203,1.0773260121190396,0.0,0.0
47,2019,4,16,23,0,15.16,1017.3,0.0,0.98,156.04,1.3,180.0,2019-04-16 23:00:00,23,165,106,9.783189981258822,-0.9508264627411792,2.826689770153133,161.95739382257923,-0.7017287689525586,2.3486174653667584,134.56586845622806,1.355668565028092,0.9513116332448447,1.154102935355722,0.0,0.0,0.0,0.0,0.0,1.3549771718215833,0.0,0.0,0.0,288.31,288.31,15.160000000000025,0.0,0.13588598963774884,1.2294402910533415,1.1403433614489666,0.0,0.0
48,2019,4,17,0,0,14.88,1016.6,0.0,1.25,151.39,1.51,187.59,2019-04-17 00:00:00,0,-180,107,10.148587645307613,-0.9832625794517394,2.9583751856624967,169.50241235469238,-0.7254033525283202,2.382416532504368,136.50241235469238,1.3549186288798292,0.9828625157925029,1.0991324378993697,0.0,0.0,0.0,0.0,0.0,1.3554701339946622,0.0,0.0,0.0,288.03,288.03,14.879999999999995,0.0,0.09087348488766395,1.2297886604678836,1.3833116265447165,0.0,0.0
49,2019,4,17,1,0,14.75,1016.4,0.0,1.26,161.57,1.97,210.47,2019-04-17 01:00:00,1,-165,107,10.148587645307613,-0.9497221486595604,2.8231435890015857,161.75421260920675,-0.6973852523028272,2.3425389827972514,134.21759705915147,1.3549186288798292,0.9449002698511605,1.024072275787581,0.0,0.0,0.0,0.0,0.0,1.3618328542559435,0.0,0.0,0.0,287.9,287.9,14.75,0.0,0.21492396531881997,1.2301019154686164,1.6012464761048528,0.0,0.0
50,2019,4,17,2,0,14.38,1016.1,0.0,1.32,188.75,2.83,225.0,2019-04-17 02:00:00,2,-150,107,10.148587645307613,-0.8513865812133278,2.589419406492204,148.3628033812738,-0.6152403388546158,2.2334871242015306,127.96938581355921,1.3549186288798292,0.8336005963524578,0.8790671775691449,0.0,0.0,0.0,0.0,0.0,1.3838276319760536,0.0,0.0,0.0,287.53,287.53,14.379999999999995,0.0,0.36675470782447633,1.2313212946360028,1.986978543057446,0.0,0.0
51,2019,4,17,3,0,14.43,1015.9,0.0,1.24,194.04,2.76,226.47,2019-04-17 03:00:00,3,-135,107,10.148587645307613,-0.6949572835272932,2.3391568191559178,134.02381335688045,-0.4845666522842934,2.076664032847179,118.98408454876031,1.3549186288798292,0.6565483841139239,0.6739990010553869,0.0,0.0,0.0,0.0,0.0,1.4341830587210207,0.0,0.0,0.0,287.58,287.58,14.430000000000007,0.0,0.3847760487970979,1.2308648912843039,1.904446003940065,0.0,0.0
52,2019,4,17,4,0,13.8,1015.6,0.0,1.17,160.02,1.8,213.69,2019-04-17 04:00:00,4,-120,107,10.148587645307613,-0.4910946537271229,2.0841422601152515,119.41255540946052,-0.31426938838315016,1.890483278189157,108.316713080295,1.3549186288798292,0.4258094488070005,0.4228428035845369,0.0,0.0,0.0,0.0,0.0,1.562655071986812,0.0,0.0,0.0,286.95,286.95,13.800000000000011,0.0,0.20716279224875678,1.2332029824666855,1.4740586674109957,0.0,0.0
53,2019,4,17,5,0,13.45,1015.8,0.0,1.22,145.01,1.02,191.31,2019-04-17 05:00:00,5,-105,107,10.148587645307613,-0.253691593134774,1.827291130678548,104.69606972956899,-0.11595402425651428,1.6870117760179064,96.65865475469539,1.3549186288798292,0.15710826755873494,0.14271446495899265,0.0,0.0,0.0,0.0,0.0,2.1878636361387143,0.0,0.0,0.0,286.59999999999997,286.59999999999997,13.449999999999989,0.0,-0.08610399853046355,1.2349521361827118,1.1083059838007243,0.0,0.0
54,2019,4,17,6,0,13.09,1015.7,1.78,1.36,107.1,1.02,101.31,2019-04-17 06:00:00,6,-90,107,10.148587645307613,0.0010732719974933156,1.5697230545913505,89.93850603246811,0.09686457576201961,1.4737796319183691,84.44135284126651,1.3549186288798292,0.131243618178502,0.14729573147788294,0.0017800000000000001,0.012084532132333207,0.0017780640579524002,1.935942047599868e-06,0.0017800000000000001,0.01108012902601431,2.85156000000013e-07,0.03297890070802904,0.001664609699567083,286.23999999999995,286.2791738149298,13.1291738149298,0.266863650739673,-0.13834583309294793,1.2363835907783338,1.1655691486993764,0.0,0.0
55,2019,4,17,7,0,14.82,1015.2,125.49,1.3,90.0,2.01,63.43,2019-04-17 07:00:00,7,-75,107,10.148587645307613,0.2558381371297604,1.3120817320141178,75.17674562062406,0.3096831757805533,1.2559365170669488,71.95986176429645,1.3549186288798292,0.4195955039157385,0.42742407010342764,0.12549,0.2935960063494647,0.1200748995032684,0.0054151004967315924,0.12549,0.826128628024183,0.00231454429433211,0.20772975113782385,0.11738541646043439,287.96999999999997,290.7324701340355,17.582470134035532,18.608973193354775,0.20956129271682467,1.2283509497396108,1.6422295130089932,0.0,0.0
56,2019,4,17,8,0,17.94,1015.1,330.19,2.66,34.29,3.05,23.2,2019-04-17 08:00:00,8,-60,107,10.148587645307613,0.4932411977221097,1.054984518257519,60.446160347798184,0.5079985399071896,1.0379367431450313,59.46939478376447,1.3549186288798292,0.6882966851640044,0.6785802675742773,0.33019,0.48658945120867,0.22806305164570137,0.10212694835429861,0.33019,0.9709500303135202,0.06930133194080434,0.5561452334444088,0.3174555741799549,291.09,298.56078784570155,25.410787845701577,49.32851403868167,0.06579433231635294,1.2150653742517463,2.8625021477524286,0.04764313941889062,0.048032679578316216
57,2019,4,17,9,0,19.08,1014.9,517.09,3.62,27.98,3.71,27.26,2019-04-17 09:00:00,9,-45,107,10.148587645307613,0.6971038275222798,0.7994462652323998,45.80489694531271,0.6782958038083327,0.8253554825886331,47.28938575031198,1.3549186288798292,0.9190356204709277,0.8836484440880347,0.51709,0.5851761562638866,0.24633080481431496,0.2707591951856851,0.51709,1.027728350386879,0.23925594154835914,0.7236166276272381,0.5223139964050535,292.22999999999996,304.52178938206555,31.37178938206557,79.91134995474378,0.01180982984586592,1.210086895184584,3.6679893770572134,0.1535071752703766,0.1553989969270159
58,2019,4,17,10,0,20.07,1014.5,682.63,4.1,34.08,3.83,40.76,2019-04-17 10:00:00,10,-30,107,10.148587645307613,0.8535331252083144,0.5480673030712295,31.401943355098833,0.808969490378655,0.6283993448492162,36.00463030864608,1.3549186288798292,1.0960878327094614,1.0286535423064727,0.68263,0.663615077307166,0.21237658443525997,0.47025341556474,0.68263,1.0550869165767927,0.48372784170238753,0.8299908296802943,0.718279161816427,293.21999999999997,310.1235029414132,36.973502941413244,108.27824491953456,-0.032759839193496294,1.2055259551104676,3.9529222460810587,0.19095549519922483,0.19404018688060123
59,2019,4,17,11,0,20.29,1013.8,728.91,3.58,35.91,3.04,43.67,2019-04-17 11:00:00,11,-15,107,10.148587645307613,0.9518686926545471,0.31152028758590283,17.848797711373884,0.8911144038268664,0.47100121727860617,26.986381895588398,1.3549186288798292,1.2073875062081643,1.1037137044182592,0.72891,0.660415828019632,0.2312278412919655,0.49768215870803445,0.72891,1.068177877685259,0.5492986190105207,0.8263025287679763,0.7766671213929992,293.44,311.71756625678194,38.56756625678196,116.58317770234041,-0.07862942127355699,1.2037909559653317,3.2794635674251436,0.10244378314730458,0.1042486934575892
60,2019,4,17,12,0,21.28,1013.3,517.98,2.11,31.43,1.35,48.01,2019-04-17 12:00:00,12,0,107,10.148587645307613,0.985409123446726,0.1710350697483758,9.799587645307597,0.9191325040523594,0.40492358340975276,23.200412354692393,1.3549186288798292,1.2453497521495067,1.1037137044182592,0.51798,0.46930648584545276,0.3754965156256907,0.1424834843743093,0.51798,1.0721077963211616,0.15726097435719008,0.5244761789783635,0.5188383731510876,294.42999999999995,306.63999638148886,33.48999638148888,78.93853941621045,-0.21476119721878473,1.199151588121429,1.6606329160292117,0.0,0.0
61,2019,4,17,13,0,19.36,1013.2,382.7,1.4,4.09,0.72,326.31,2019-04-17 13:00:00,13,15,107,10.148587645307613,0.9518686926545471,0.31152028758590283,17.848797711373884,0.8911144038268664,0.47100121727860617,26.986381895588398,1.3549186288798292,1.2073875062081643,1.0286535423064727,0.3827,0.372039743470771,0.33767570633355115,0.045024293666448834,0.3827,1.068177877685259,0.046314399169839475,0.3430000813860026,0.36935948551309544,292.51,301.20225989240816,28.052259892408188,57.00216140011318,-0.31978600516755135,1.2069035550409128,0.9800669063726286,0.0,0.0
62,2019,4,17,14,0,19.19,1012.8,571.38,0.92,347.47,0.8,270.0,2019-04-17 14:00:00,14,30,107,10.148587645307613,0.8535331252083144,0.5480673030712295,31.401943355098833,0.808969490378655,0.6283993448492162,36.00463030864608,1.3549186288798292,1.0960878327094614,0.8836484440880347,0.57138,0.646614616732212,0.19678761561142624,0.3745923843885738,0.57138,1.0550869165767927,0.33100797763219025,0.8096866048254948,0.5964470864059632,292.34,306.37638810008696,33.22638810008698,90.80939796868368,-0.0672112870565502,1.2071286381019286,0.8535665980049082,0.0,0.0
63,2019,4,17,15,0,19.81,1012.6,453.01,1.03,299.05,1.53,258.69,2019-04-17 15:00:00,15,45,107,10.148587645307613,0.6971038275222798,0.7994462652323998,45.80489694531271,0.6782958038083327,0.8253554825886331,47.28938575031198,1.3549186288798292,0.9190356204709277,0.6785802675742773,0.45300999999999997,0.667584988315938,0.13755420455929177,0.31545579544070823,0.45301,1.027728350386879,0.21406207807801225,0.8344789016419221,0.4630614330458334,292.96,303.8573790576786,30.707379057678622,70.96948560405896,0.1902957718364778,1.2043360856484435,1.273495563767969,0.0,0.0
64,2019,4,17,16,0,19.22,1012.4,613.21,1.58,288.43,2.22,262.23,2019-04-17 16:00:00,16,60,107,10.148587645307613,0.4932411977221097,1.054984518257519,60.446160347798184,0.5079985399071896,1.0379367431450313,59.46939478376447,1.3549186288798292,0.6882966851640044,0.42742407010342764,0.61321,1.4346641728707887,0.10117965000000001,0.5120303500000001,0.61321,0.9709500303135202,0.21885409621348262,0.9137833441248533,0.6027308590686685,292.37,306.55426621674934,33.40426621674936,91.72307880467261,0.16354503939100107,1.2065280748381098,1.8961029908066585,0.0,0.0
65,2019,4,17,17,0,18.15,1012.5,440.55,1.68,287.35,2.38,255.38,2019-04-17 17:00:00,17,75,107,10.148587645307613,0.2558381371297604,1.3120817320141178,75.17674562062406,0.3096831757805533,1.2559365170669488,71.95986176429645,1.3549186288798292,0.4195955039157385,0.14729573147788294,0.44055,2.9909217027524684,0.07269075,0.36785924999999997,0.44055,0.826128628024183,0.054184097309655406,0.9137833441248533,0.37878969417275776,291.29999999999995,300.21418413619887,27.06418413619889,58.607702487210105,0.16750011350972777,1.2110794934637592,2.0250211327365286,0.0,0.0
66,2019,4,17,18,0,16.56,1012.7,244.75,1.49,289.65,2.06,247.17,2019-04-17 18:00:00,18,90,107,10.148587645307613,0.0010732719974933156,1.5697230545913505,89.93850603246811,0.09686457576201961,1.4737796319183691,84.44135284126651,1.3549186288798292,0.131243618178502,0.14271446495899265,0.24475,1.7149628110249797,0.04038375,0.20436625,0.24475,0.01108012902601431,0.02916602002442573,0.9137833441248533,0.04302393613113738,289.71,290.72249663028606,17.572496630286082,6.820706634447408,0.15577733557368562,1.2179667352081147,1.7726753555531878,0.0,0.0
67,2019,4,17,19,0,13.8,1012.9,55.18,0.85,290.56,1.44,236.31,2019-04-17 19:00:00,19,105,107,10.148587645307613,-0.253691593134774,1.827291130678548,104.69606972956899,-0.11595402425651428,1.6870117760179064,96.65865475469539,1.3549186288798292,0.15710826755873494,0.4228428035845369,0.05518,0.13049766847685781,0.05453192247881023,0.0006480775211897688,0.05518,2.1878636361387143,0.000274034915999999,0.10837338309251565,0.052584636140046194,286.95,288.18749177049574,15.037491770495762,8.38988896312099,0.2535113551015369,1.2299244790670594,1.127702217076288,0.0,0.0
68,2019,4,17,20,0,13.84,1013.4,0.0,0.5,233.13,1.21,204.44,2019-04-17 20:00:00,20,120,107,10.148587645307613,-0.4910946537271229,2.0841422601152515,119.41255540946052,-0.31426938838315016,1.890483278189157,108.316713080295,1.3549186288798292,0.4258094488070005,0.6739990010553869,0.0,0.0,0.0,0.0,0.0,1.562655071986812,0.0,0.0,0.0,286.98999999999995,286.98999999999995,13.839999999999975,0.0,0.4250023491666233,1.2303601006870177,0.8031535323297617,0.0,0.0
69,2019,4,17,21,0,14.36,1013.2,0.0,0.71,315.0,0.76,336.8,2019-04-17 21:00:00,21,135,107,10.148587645307613,-0.6949572835272932,2.3391568191559178,134.02381335688045,-0.4845666522842934,2.076664032847179,118.98408454876031,1.3549186288798292,0.6565483841139239,0.8790671775691449,0.0,0.0,0.0,0.0,0.0,1.4341830587210207,0.0,0.0,0.0,287.51,287.51,14.360000000000014,0.0,0.03272679797963454,1.2278924520365115,0.736390083874712,0.0,0.0
70,2019,4,17,22,0,14.21,1013.7,0.0,0.76,293.2,0.67,333.43,2019-04-17 22:00:00,22,150,107,10.148587645307613,-0.8513865812133278,2.589419406492204,148.3628033812738,-0.6152403388546158,2.2334871242015306,127.96938581355921,1.3549186288798292,0.8336005963524578,1.024072275787581,0.0,0.0,0.0,0.0,0.0,1.3838276319760536,0.0,0.0,0.0,287.35999999999996,287.35999999999996,14.20999999999998,0.0,-0.060612774328604326,1.2291396677091175,0.7103278384099974,0.0,0.0
71,2019,4,17,23,0,14.01,1013.7,0.0,0.7,270.0,0.5,323.13,2019-04-17 23:00:00,23,165,107,10.148587645307613,-0.9497221486595604,2.8231435890015857,161.75421260920675,-0.6973852523028272,2.3425389827972514,134.21759705915147,1.3549186288798292,0.9449002698511605,1.154107636126054,0.0,0.0,0.0,0.0,0.0,1.3618328542559435,0.0,0.0,0.0,287.15999999999997,287.15999999999997,14.009999999999991,0.0,-0.1618089423900806,1.2299957337821843,0.5844320106699307,0.0,0.0
72,2019,4,18,0,0,13.18,1013.7,0.0,0.63,198.43,0.1,180.0,2019-04-18 00:00:00,0,-180,108,10.510978063812619,-0.9820905590458552,2.952050279681904,169.1400219361874,-0.7210352871269973,2.3760916265237753,136.14002193618737,1.3541722727025667,0.9764059934675134,1.0971778107180499,0.0,0.0,0.0,0.0,0.0,1.3620561664312523,0.0,0.0,0.0,286.33,286.33,13.180000000000007,0.0,-0.8851172762041847,1.233561187835337,0.23478935069042953,0.0,0.0
73,2019,4,18,1,0,12.75,1013.9,0.0,1.02,168.69,0.7,180.0,2019-04-18 01:00:00,1,-165,108,10.510978063812619,-0.9485887724172997,2.819543316796859,161.54793220677766,-0.6930494684203745,2.336506969028811,133.87198812825503,1.3541722727025667,0.9385083737461244,1.0222454296272754,0.0,0.0,0.0,0.0,0.0,1.368717264265941,0.0,0.0,0.0,285.9,285.9,12.75,0.0,-0.18104744167550982,1.2356602354810837,0.8335255655039717,0.0,0.0
74,2019,4,18,2,0,12.59,1013.7,0.0,1.25,151.39,1.04,196.7,2019-04-18 02:00:00,2,-150,108,10.510978063812619,-0.8503665039260495,2.5874777518963756,148.25155476766068,-0.610999199596611,2.2281185072188436,127.66178671862899,1.3541722727025667,0.827398174737192,0.8774871853854534,0.0,0.0,0.0,0.0,0.0,1.3917636954147758,0.0,0.0,0.0,285.73999999999995,285.73999999999995,12.589999999999975,0.0,-0.08844818884033159,1.2361082624515016,1.132594815677888,0.0,0.0
75,2019,4,18,3,0,12.5,1013.6,0.0,1.48,151.7,1.55,194.93,2019-04-18 03:00:00,3,-135,108,10.510978063812619,-0.6941174388498097,2.3379894870136253,133.95693015183713,-0.4804760708815653,2.0719937939106225,118.71649956837797,1.3541722727025667,0.6506473728848887,0.672768113113349,0.0,0.0,0.0,0.0,0.0,1.4446451778051312,0.0,0.0,0.0,285.65,285.65,12.5,0.0,0.022223679881762628,1.2363757455183515,1.5171364407804633,0.0,0.0
76,2019,4,18,4,0,12.34,1013.5,0.0,1.84,150.64,2.11,185.44,2019-04-18 04:00:00,4,-120,108,10.510978063812619,-0.490489692759737,2.083447921555356,119.37277274042532,-0.3103750177974991,1.8863838343657513,108.08183225086289,1.3541722727025667,0.42030124324093876,0.4220394792720455,0.0,0.0,0.0,0.0,0.0,1.5803130556073033,0.0,0.0,0.0,285.48999999999995,285.48999999999995,12.339999999999975,0.0,0.06584574421672404,1.2369466128471827,1.9801901977490481,0.0,0.0
77,2019,4,18,5,0,12.1,1014.1,0.0,1.9,161.57,2.84,190.12,2019-04-18 05:00:00,5,-105,108,10.510978063812619,-0.2533601600411094,1.8269485034741695,104.67643863681172,-0.11228814600681072,1.6833217883555458,96.44723403518678,1.3541722727025667,0.15205749387560058,0.14238802590916907,0.0,0.0,0.0,0.0,0.0,2.256339329226632,0.0,0.0,0.0,285.25,285.25,12.100000000000023,0.0,0.19329717039124475,1.2387202374590418,2.357042370450887,0.0,0.0
78,2019,4,18,6,0,11.86,1014.9,1.78,1.77,163.61,2.94,189.78,2019-04-18 06:00:00,6,-90,108,10.510978063812619,0.0011111735263808395,1.5696851530398535,89.93633443353032,0.10028525153199871,1.470342212922551,84.24440324038802,1.3541722727025667,0.1358035069856354,0.14712846257447798,0.0017800000000000001,0.012098270918170883,0.0017780618569989092,1.938143001090943e-06,0.0017800000000000001,0.011080129026014256,2.851559999999953e-07,0.03299764207690242,0.0016646084008665057,285.01,285.04917378436704,11.899173784367065,0.2676851410664388,0.24402226491778903,1.2407413542675378,2.323556354131632,0.0,0.0
79,2019,4,18,7,0,13.26,1015.1,114.81,1.62,158.2,2.79,194.53,2019-04-18 07:00:00,7,-75,108,10.510978063812619,0.2555825070938708,1.3123461531414005,75.19189583523145,0.31285864907080796,1.2525950413849127,71.76840931037019,1.3541722727025667,0.4236645078468708,0.426779915937355,0.11481,0.26901453351626886,0.11138959602266361,0.003420403977336381,0.11481,0.8169264549756012,0.0014597597219194154,0.17260319992032747,0.10743852658461191,286.40999999999997,288.9383866589578,15.788386658957847,17.109461050756423,0.26142376964818764,1.234919799556373,2.1683156490406237,0.0,0.0
80,2019,4,18,8,0,17.14,1015.2,327.52,1.65,194.04,2.12,199.29,2019-04-18 08:00:00,8,-60,108,10.510978063812619,0.4927120398124989,1.0555927160066296,60.48100751193158,0.5109455208614967,1.0345119579167597,59.27316904444576,1.3541722727025667,0.6919082572122097,0.677508549778658,0.32752,0.48341825369879204,0.2283124373198931,0.09920756268010689,0.32752,0.9643142364409916,0.06721397191847453,0.5503683834257552,0.31400572124141407,290.28999999999996,297.6796013065479,24.52960130654793,48.90349669181553,0.12053274677246117,1.2185339591323012,1.8873738526415895,0.0,0.0
81,2019,4,18,9,0,19.18,1015.4,521.54,2.48,223.36,2.83,222.14,2019-04-18 09:00:00,9,-45,108,10.510978063812619,0.6963397859025713,0.8005113671886092,45.865922792154635,0.6810465739455627,0.8216053633780134,47.07451974687254,1.3541722727025667,0.9222543868561592,0.882227622050762,0.52154,0.5911626285149247,0.24150151235704354,0.28003848764295647,0.52154,1.0224554568543076,0.24705768903593717,0.7327655619624132,0.5257207381232909,292.33,304.7019613705014,31.55196137050143,80.39455039768629,0.06348731081500236,1.2102689063991567,2.6619419183767317,0.02128379498665616,0.021542856071735533
82,2019,4,18,10,0,20.35,1014.7,686.19,3.08,215.75,3.22,216.16,2019-04-18 10:00:00,10,-30,108,10.510978063812619,0.8525888509788111,0.5498769141968101,31.505626435154515,0.8115697026606082,0.6239625319954762,35.75041965763738,1.3541722727025667,1.0990051887084622,1.0269858662925855,0.6861900000000001,0.6681591466074825,0.20762393079485136,0.4785660692051487,0.6861900000000001,1.050542976387275,0.49148058916088705,0.8351197592692181,0.7199464266743647,293.5,310.44273924107006,37.29273924107008,108.43734211924692,0.021376779139905187,1.2046133116478404,3.154303567985442,0.08599418322094378,0.08744953540448035
83,2019,4,18,11,0,21.36,1014.4,806.34,3.96,227.05,4.24,225.0,2019-04-18 11:00:00,11,-15,108,10.510978063812619,0.9508111194700614,0.31495241817753933,18.045444309012396,0.8936199714843719,0.4654493613744307,26.66828398381436,1.3541722727025667,1.2101153877173947,1.1019182473833582,0.8063400000000001,0.7317602752425187,0.16538918328318586,0.6409508167168142,0.8063400000000001,1.0639994066948735,0.706275400615524,0.8915654913521276,0.8648385200701619,294.51,314.8625331723178,41.71253317231782,128.7267655566118,0.03285461149452986,1.2001272532406926,4.107775203743394,0.2113075982062746,0.21568696744758628
84,2019,4,18,12,0,22.16,1014.2,889.11,4.56,244.0,4.79,241.29,2019-04-18 12:00:00,12,0,108,10.510978063812619,0.9843129060986168,0.17735997572896867,10.16197806381262,0.9216057901909945,0.3985986774291603,22.838021936187392,1.3541722727025667,1.2480130074387839,1.1019182473833582,0.8891100000000001,0.8068747405819826,0.14670315,0.7424068500000001,0.8891100000000001,1.0680411479344403,0.8180716549973998,0.9137833441248533,0.9604948146284115,295.31,317.9136446375886,44.76364463758864,141.78860176006623,0.023663943857146236,1.1966401101918884,4.681933995739708,0.2867684680115045,0.29356476548137883
85,2019,4,18,13,0,22.36,1014.2,905.13,4.74,262.72,5.11,266.63,2019-04-18 13:00:00,13,15,108,10.510978063812619,0.9508111194700614,0.31495241817753933,18.045444309012396,0.8936199714843719,0.4654493613744307,26.66828398381436,1.3541722727025667,1.2101153877173947,1.0269858662925855,0.90513,0.8813461116729049,0.14934645,0.75578355,0.90513,1.0639994066948735,0.7761790238264356,0.9137833441248533,0.9734678619127376,295.51,318.41894368367974,45.268943683679765,143.50627952805237,0.03614541067978743,1.1958302288950176,4.934959106689626,0.320023196879208,0.3278294917659639
86,2019,4,18,14,0,21.96,1014.0,857.96,4.8,270.0,5.02,275.71,2019-04-18 14:00:00,14,30,108,10.510978063812619,0.8525888509788111,0.5498769141968101,31.505626435154515,0.8115697026606082,0.6239625319954762,35.75041965763738,1.3541722727025667,1.0990051887084622,0.882227622050762,0.8579600000000001,0.9724927882054393,0.1415634,0.7163966,0.8579600000000001,1.050542976387275,0.632024868863251,0.9137833441248533,0.9093329895341629,295.10999999999996,316.5096363537039,43.359636353703934,134.7484491014367,0.021550986114084517,1.1972149521521356,4.916752830681438,0.31763037203241756,0.3250019597903144
87,2019,4,18,15,0,21.26,1014.3,757.39,4.85,278.3,5.17,284.57,2019-04-18 15:00:00,15,45,108,10.510978063812619,0.6963397859025713,0.8005113671886092,45.865922792154635,0.6810465739455627,0.8216053633780134,47.07451974687254,1.3541722727025667,0.9222543868561592,0.677508549778658,0.75739,1.1179047116784566,0.12496935,0.63242065,0.75739,1.0224554568543076,0.4284703974315763,0.9137833441248533,0.780625872633603,294.40999999999997,312.78072886931074,39.63072886931076,116.84434214602369,0.030726511080148195,1.2004165420547586,5.019062259659242,0.3310767541266431,0.33785691016130404
88,2019,4,18,16,0,20.77,1014.0,620.33,4.61,273.73,4.69,281.07,2019-04-18 16:00:00,16,60,108,10.510978063812619,0.4927120398124989,1.0555927160066296,60.48100751193158,0.5109455208614967,1.0345119579167597,59.27316904444576,1.3541722727025667,0.6919082572122097,0.426779915937355,0.62033,1.4535126345801506,0.10235445000000001,0.5179755500000001,0.62033,0.9643142364409916,0.22106156168660523,0.9137833441248533,0.6061491742803633,293.91999999999996,308.18471056806453,35.034710568064554,91.84664950272506,0.00827372402867948,1.2020621411595562,4.652730403311088,0.28293028157802863,0.28832918288130366
89,2019,4,18,17,0,20.02,1013.8,451.23,4.3,271.33,4.59,281.31,2019-04-18 17:00:00,17,75,108,10.510978063812619,0.2555825070938708,1.3123461531414005,75.19189583523145,0.31285864907080796,1.2525950413849127,71.76840931037019,1.3541722727025667,0.4236645078468708,0.14712846257447798,0.45123,3.066911677756319,0.07445295,0.37677705,0.45123,0.8169264549756012,0.05543462809984722,0.9137833441248533,0.3844568571626618,293.16999999999996,302.2175513718946,29.067551371894638,59.17544311986995,0.03138583127478259,1.2048996081402152,4.453163170575223,0.25670144527560074,0.2609837934531198
90,2019,4,18,18,0,18.84,1013.7,256.32,3.2,270.0,3.4,283.63,2019-04-18 18:00:00,18,90,108,10.510978063812619,0.0011111735263808395,1.5696851530398535,89.93633443353032,0.10028525153199871,1.470342212922551,84.24440324038802,1.3541722727025667,0.1358035069856354,0.14238802590916907,0.25632,1.8001513706181262,0.0422928,0.2140272,0.25632,0.011080129026014256,0.030474910498866914,0.9137833441248533,0.045006451574545484,291.98999999999995,293.04915182705423,19.899151827054254,7.0929759746739895,0.029154280416779803,1.2096495596181103,3.305745319022357,0.1058979562143669,0.10724180018182622
91,2019,4,18,19,0,16.2,1013.8,59.63,1.9,273.01,3.08,283.13,2019-04-18 19:00:00,19,105,108,10.510978063812619,-0.2533601600411094,1.8269485034741695,104.67643863681172,-0.11228814600681072,1.6833217883555458,96.44723403518678,1.3541722727025667,0.15205749387560058,0.4220394792720455,0.05963,0.14129009945432774,0.05887173842325846,0.0007582615767415396,0.05963,2.256339329226632,0.00032001632099999954,0.11276572595824265,0.05696073799682003,289.34999999999997,290.6904760341918,17.54047603419184,9.030879348531329,0.2323103107879846,1.2208066981802899,2.461849201947001,0.0,0.0
92,2019,4,18,20,0,15.38,1014.5,0.0,1.51,262.41,2.41,265.24,2019-04-18 20:00:00,20,120,108,10.510978063812619,-0.490489692759737,2.083447921555356,119.37277274042532,-0.3103750177974991,1.8863838343657513,108.08183225086289,1.3541722727025667,0.42030124324093876,0.672768113113349,0.0,0.0,0.0,0.0,0.0,1.5803130556073033,0.0,0.0,0.0,288.53,288.53,15.379999999999995,0.0,0.2248281989682943,1.2251215490849872,1.9402657073347582,0.0,0.0
93,2019,4,18,21,0,15.24,1015.1,0.0,1.41,225.0,2.47,238.24,2019-04-18 21:00:00,21,135,108,10.510978063812619,-0.6941174388498097,2.3379894870136253,133.95693015183713,-0.4804760708815653,2.0719937939106225,118.71649956837797,1.3541722727025667,0.6506473728848887,0.8774871853854534,0.0,0.0,0.0,0.0,0.0,1.4446451778051312,0.0,0.0,0.0,288.39,288.39,15.240000000000009,0.0,0.26960529306196146,1.2264412073613538,1.9045348008618566,0.0,0.0
94,2019,4,18,22,0,15.24,1015.1,0.0,2.06,194.04,3.42,200.56,2019-04-18 22:00:00,22,150,108,10.510978063812619,-0.8503665039260495,2.5874777518963756,148.25155476766068,-0.610999199596611,2.2281185072188436,127.66178671862899,1.3541722727025667,0.827398174737192,1.0222454296272754,0.0,0.0,0.0,0.0,0.0,1.3917636954147758,0.0,0.0,0.0,288.39,288.39,15.240000000000009,0.0,0.24378399590089317,1.2264412073613538,2.7035335936780913,0.026750129454834855,0.02671869502222115
95,2019,4,18,23,0,14.79,1014.8,0.0,2.3,180.0,4.04,188.53,2019-04-18 23:00:00,23,165,108,10.510978063812619,-0.9485887724172997,2.819543316796859,161.54793220677766,-0.6930494684203745,2.336506969028811,133.87198812825503,1.3541722727025667,0.9385083737461244,1.1540630507017575,0.0,0.0,0.0,0.0,0.0,1.368717264265941,0.0,0.0,0.0,287.94,287.94,14.79000000000002,0.0,0.27090714393580656,1.2279948953747866,3.1112013766267075,0.08032932378522441,0.08013341261232766
96,2019,4,19,0,0,14.1,1014.7,0.0,2.1,182.73,3.79,198.43,2019-04-19 00:00:00,0,-180,109,10.870253852671851,-0.9808898288453073,2.9457797342436107,168.78074614732816,-0.7166762896380514,2.369821081085482,135.78074614732816,1.3534297176577474,0.9699709883368302,1.095196032037654,0.0,0.0,0.0,0.0,0.0,1.3686651044932625,0.0,0.0,0.0,287.25,287.25,14.100000000000023,0.0,0.2839361735016564,1.2308233488899605,2.882235997347136,0.050236731079909315,0.04999904789618253
97,2019,4,19,1,0,13.37,1015.0,0.0,2.0,182.86,3.19,212.2,2019-04-19 01:00:00,1,-165,109,10.870253852671851,-0.9474276772376581,2.8158948385660745,161.33888980250833,-0.6887235801659248,2.3305233832842798,133.52915391873873,1.3534297176577474,0.9321389606482007,1.020393341603744,0.0,0.0,0.0,0.0,0.0,1.3756283428097629,0.0,0.0,0.0,286.52,286.52,13.370000000000005,0.0,0.22451880799671492,1.2343240841315297,2.5690018576589817,0.009068815578037594,0.009000309745161097
98,2019,4,19,2,0,12.86,1015.1,0.0,2.0,182.86,3.42,217.87,2019-04-19 02:00:00,2,-150,109,10.870253852671851,-0.8493216127479523,2.585495162093954,148.13796073947623,-0.6067703827060338,2.2227875465493776,127.35634517151836,1.3534297176577474,0.8212210677489108,0.8758856404717099,0.0,0.0,0.0,0.0,0.0,1.399741379861365,0.0,0.0,0.0,286.01,286.01,12.860000000000014,0.0,0.25799877503705776,1.2366468997270754,2.666728245833334,0.021912855166666766,0.02170647707530017
99,2019,4,19,3,0,12.52,1015.1,0.0,1.9,180.0,3.48,219.17,2019-04-19 03:00:00,3,-135,109,10.870253852671851,-0.6932574015432256,2.3367954484850566,133.88851678357412,-0.4764016722312074,2.067353879586746,118.45065206031754,1.3534297176577474,0.6447761807395618,0.6715208896634266,0.0,0.0,0.0,0.0,0.0,1.4551951471882612,0.0,0.0,0.0,285.66999999999996,285.66999999999996,12.519999999999982,0.0,0.2910292958392602,1.2381187376726321,2.628445897547374,0.016881460820511996,0.016702589885684363
100,2019,4,19,4,0,12.16,1015.3,0.0,1.9,176.99,3.76,219.61,2019-04-19 04:00:00,4,-120,109,10.870253852671851,-0.48987056170877685,2.0827376002526563,119.33207432768239,-0.30650186091582465,1.882312156482571,107.84854229261991,1.3534297176577474,0.41482872708087876,0.4212262092177619,0.0,0.0,0.0,0.0,0.0,1.5982629281435625,0.0,0.0,0.0,285.31,285.31,12.160000000000025,0.0,0.3282444144488965,1.2399252259019684,2.739821807737752,0.03151943758839024,0.031140031865785064
101,2019,4,19,5,0,11.99,1015.4,0.0,2.1,180.0,4.74,222.44,2019-04-19 05:00:00,5,-105,109,10.870253852671851,-0.2530215702666796,1.8265985096188448,104.65638546604612,-0.10864934012831556,1.6796605722577835,96.23746180489964,1.3534297176577474,0.14704924573356662,0.1420587679755711,0.0,0.0,0.0,0.0,0.0,2.3287906762052994,0.0,0.0,0.0,285.14,285.14,11.990000000000009,0.0,0.3914992437440455,1.240786664121714,3.249543204898681,0.09851139264382666,0.09725802144569956
102,2019,4,19,6,0,12.29,1015.6,3.56,2.14,190.78,5.08,233.81,2019-04-19 06:00:00,6,-90,109,10.870253852671851,0.0011487054277531429,1.5696476211145192,89.93418401261167,0.10367256780640188,1.4669371428349989,84.04930709542505,1.3534297176577474,0.1403135341750723,0.14695663428850028,0.0035600000000000002,0.02422483351796918,0.0035522383633408428,7.761636659157477e-06,0.0035600000000000002,0.011080129026014239,1.1406240000000224e-06,0.046692986803344126,0.0033267070966901454,285.44,285.5182885070088,12.3682885070088,0.5343403878683464,0.41573923345700636,1.239726723019953,3.402171618695565,0.11857112702855996,0.117162619723289
103,2019,4,19,7,0,14.96,1015.7,136.17,2.13,221.19,4.12,247.17,2019-04-19 07:00:00,7,-75,109,10.870253852671851,0.25531898112218565,1.3126187223974457,75.20751290322787,0.31599447574111916,1.249291671865388,71.57914017872926,1.3534297176577474,0.4276763140837108,0.4261240755306915,0.13616999999999999,0.31955481471075053,0.1276794667264157,0.008490533273584289,0.13616999999999999,0.8079855843155866,0.003618020641968681,0.24970472793599555,0.1270549247835469,288.10999999999996,291.1000258965728,17.95002589657281,20.123127326745053,0.31726363565246013,1.2283587484793665,3.0341030791769126,0.0701964046918228,0.07000446396782216
104,2019,4,19,8,0,17.11,1016.0,331.08,3.91,272.94,4.0,272.86,2019-04-19 08:00:00,8,-60,109,10.870253852671851,0.49216797256428335,1.0562178317895126,60.51682400799778,0.5138469965286285,1.0311332313381425,59.07958227136232,1.3534297176577474,0.6954557954310234,0.6764187559763558,0.33108,0.4894601119126461,0.22674837497117004,0.10433162502882995,0.33108,0.9578103518930711,0.07057186801099279,0.5613600635098649,0.31683639647955997,290.26,297.7162165304856,24.566216530485633,49.33969249214212,0.01094379748912417,1.2196202323472578,3.958009540993486,0.191624111102001,0.19246936863959369
105,2019,4,19,9,0,17.67,1016.4,500.18,4.3,287.59,4.27,286.31,2019-04-19 09:00:00,9,-45,109,10.870253852671851,0.6955548123987318,0.8016045038786507,45.928554910924916,0.6837468078440112,0.8179113746534739,46.86286978338751,1.3534297176577474,0.9254032490897062,0.8807835067846387,0.50018,0.5678807517933002,0.2576081444477643,0.24257185555223565,0.50018,1.0172695571215222,0.21365328958055493,0.6963972445526131,0.5000199712326981,290.82,302.5871366563428,29.43713665634283,76.88870593110664,-0.0033668633229899845,1.2177509850196502,4.283885793477908,0.23445356142852505,0.23584921407007423
106,2019,4,19,10,0,18.33,1016.6,663.05,4.79,296.03,4.85,291.8,2019-04-19 10:00:00,10,-30,109,10.870253852671851,0.8516190236034585,0.5517299508568227,31.61179761505626,0.8141155183188375,0.6195918845225323,35.500000003698176,1.3534297176577474,1.101848136099055,1.0252912079166743,0.6630499999999999,0.6466943195068208,0.22825299672237584,0.43479700327762405,0.6630499999999999,1.046066564806511,0.44579354468906535,0.8097857523754083,0.6904175009442256,291.47999999999996,307.7278251888874,34.5778251888874,104.74198758396162,0.005986363779436548,1.2152327016418434,4.82208330024328,0.3051880908891168,0.3076410063966101
107,2019,4,19,11,0,18.47,1016.4,789.43,4.88,298.14,4.94,291.37,2019-04-19 11:00:00,11,-15,109,10.870253852671851,0.9497250880931645,0.3184396761117521,18.245249470716296,0.8960687157787284,0.45996346678604544,26.353965377046222,1.3534297176577474,1.2127660289983446,1.1000938983505824,0.78943,0.7176023802910152,0.17570708151782047,0.6137229184821795,0.78943,1.0598797518199328,0.6751528379001575,0.88171729082995,0.8424746906419301,291.62,311.4462377197734,38.296237719773444,126.55309267384965,0.005876631340597159,1.214410333527929,4.912085003096151,0.31701688612120843,0.31978127555149727
108,2019,4,19,12,0,18.52,1016.4,861.52,4.72,306.38,4.29,297.76,2019-04-19 12:00:00,12,0,109,10.870253852671851,0.9831872397008133,0.1836305211672628,10.521253852671887,0.9240214252508552,0.39232813199086664,22.478746147328152,1.3534297176577474,1.2505980566869743,1.1000938983505824,0.86152,0.7831331500808373,0.14603362800844816,0.7154863719915519,0.8615200000000001,1.0640307820069168,0.7871021921809013,0.9113139137992526,0.9266807834884708,291.66999999999996,313.47788777142864,40.327887771428664,138.44661716666764,-0.04593640395409855,1.21420215127855,4.484303576245678,0.26079418430657486,0.2631134160313837
109,2019,4,19,13,0,18.85,1016.0,898.9,4.6,317.64,4.14,307.15,2019-04-19 13:00:00,13,15,109,10.870253852671851,0.9497250880931645,0.3184396761117521,18.245249470716296,0.8960687157787284,0.45996346678604544,26.353965377046222,1.3534297176577474,1.2127660289983446,1.0252912079166743,0.8989,0.8767265271166296,0.14831850000000002,0.7505815,0.8989,1.0598797518199328,0.7695646127749093,0.9137833441248533,0.9630820962049056,292.0,314.6645319973554,41.51453199735545,143.4263456250228,-0.050667697815016656,1.2123526323325855,4.347298624613361,0.2427878192348989,0.24532060279402362
110,2019,4,19,14,0,19.02,1015.5,857.07,4.63,327.34,3.96,315.0,2019-04-19 14:00:00,14,30,109,10.870253852671851,0.8516190236034585,0.5517299508568227,31.61179761505626,0.8141155183188375,0.6195918845225323,35.500000003698176,1.3534297176577474,1.101848136099055,0.8807835067846387,0.85707,0.9730768042294451,0.14141655,0.71565345,0.85707,1.046066564806511,0.630335755333525,0.9137833441248533,0.904760367632601,292.16999999999996,313.46202731828714,40.312027318287164,135.17745398383775,-0.07517058772687557,1.2110509381977632,4.2577081362868165,0.231013069340553,0.23367391165504
111,2019,4,19,15,0,18.84,1015.4,763.62,4.61,332.88,4.0,323.13,2019-04-19 15:00:00,15,45,109,10.870253852671851,0.6955548123987318,0.8016045038786507,45.928554910924916,0.6837468078440112,0.8179113746534739,46.86286978338751,1.3534297176577474,0.9254032490897062,0.6764187559763558,0.76362,1.128916064572716,0.1259973,0.6376227,0.76362,1.0172695571215222,0.4312999535162851,0.9137833441248533,0.7834884416899404,291.98999999999995,310.4280946611032,37.27809466110324,118.01255789869974,-0.06825558355153781,1.2116781718814533,4.272132926802003,0.23290889895112038,0.2354696220796793
112,2019,4,19,16,0,18.13,1015.4,620.33,5.03,339.04,4.16,335.9,2019-04-19 16:00:00,16,60,109,10.870253852671851,0.49216797256428335,1.0562178317895126,60.51682400799778,0.5138469965286285,1.0311332313381425,59.07958227136232,1.3534297176577474,0.6954557954310234,0.4261240755306915,0.62033,1.4557497114600861,0.10235445000000001,0.5179755500000001,0.62033,0.9578103518930711,0.22072185239125147,0.9137833441248533,0.6026324914795799,291.28,305.4619512994861,32.31195129948611,91.9722867386056,-0.0913249572214783,1.214631658224614,4.5429642888675055,0.26850387796544356,0.2707958814348999
113,2019,4,19,17,0,17.36,1015.6,446.78,5.25,352.33,4.72,355.14,2019-04-19 17:00:00,17,75,109,10.870253852671851,0.25531898112218565,1.3126187223974457,75.20751290322787,0.31599447574111916,1.249291671865388,71.57914017872926,1.3534297176577474,0.4276763140837108,0.14695663428850028,0.44677999999999995,3.0402166065051315,0.0737187,0.37306129999999993,0.44677999999999995,0.8079855843155866,0.05482383303129248,0.9137833441248533,0.37729921944468986,290.51,299.38910829759834,26.239108297598364,58.50202328153977,-0.051176854397214616,1.218090929120565,4.958774520790412,0.32315322273245406,0.32498616349853326
114,2019,4,19,18,0,16.06,1015.8,246.53,4.6,360.0,4.46,9.04,2019-04-19 18:00:00,18,90,109,10.870253852671851,0.0011487054277531429,1.5696476211145192,89.93418401261167,0.10367256780640188,1.4669371428349989,84.04930709542505,1.3534297176577474,0.1403135341750723,0.1420587679755711,0.24653,1.7354085461475643,0.040677450000000004,0.20585255,0.24653,0.011080129026014239,0.029243159637629648,0.9137833441248533,0.04333392713174338,289.21,290.22979175183366,17.07979175183368,6.8784189939235265,-0.014863383674690131,1.2238072066317387,4.524384411238241,0.26606195119131165,0.2663212705752865
115,2019,4,19,19,0,13.28,1015.9,55.18,2.71,4.24,3.64,20.92,2019-04-19 19:00:00,19,105,109,10.870253852671851,-0.2530215702666796,1.8265985096188448,104.65638546604612,-0.10864934012831556,1.6796605722577835,96.23746180489964,1.3534297176577474,0.14704924573356662,0.4212262092177619,0.05518,0.13099849627702895,0.05452943526778902,0.0006505647322109787,0.05518,2.3287906762052994,0.000274034915999999,0.10858114322907343,0.0526818112747588,286.42999999999995,287.6697786253326,14.519778625332606,8.416339016548198,0.14188186628160826,1.2358067431328426,3.174553539373477,0.08865560803194267,0.087880342490942
116,2019,4,19,20,0,12.75,1016.3,0.0,1.92,8.97,2.91,26.57,2019-04-19 20:00:00,20,120,109,10.870253852671851,-0.48987056170877685,2.0827376002526563,119.33207432768239,-0.30650186091582465,1.882312156482571,107.84854229261991,1.3534297176577474,0.41482872708087876,0.6715208896634266,0.0,0.0,0.0,0.0,0.0,1.5982629281435625,0.0,0.0,0.0,285.9,285.9,12.75,0.0,0.1999709473957093,1.2385851635461342,2.399645711854098,0.0,0.0
117,2019,4,19,21,0,12.36,1016.4,0.0,1.53,11.31,2.39,33.02,2019-04-19 21:00:00,21,135,109,10.870253852671851,-0.6932574015432256,2.3367954484850566,133.88851678357412,-0.4764016722312074,2.067353879586746,118.45065206031754,1.3534297176577474,0.6447761807395618,0.8758856404717099,0.0,0.0,0.0,0.0,0.0,1.4551951471882612,0.0,0.0,0.0,285.51,285.51,12.360000000000014,0.0,0.2144929884293656,1.2403990804644833,1.943436480438142,0.0,0.0
118,2019,4,19,22,0,12.01,1016.6,0.0,2.7,360.0,4.55,8.84,2019-04-19 22:00:00,22,150,109,10.870253852671851,-0.8493216127479523,2.585495162093954,148.13796073947623,-0.6067703827060338,2.2227875465493776,127.35634517151836,1.3534297176577474,0.8212210677489108,1.020393341603744,0.0,0.0,0.0,0.0,0.0,1.399741379861365,0.0,0.0,0.0,285.15999999999997,285.15999999999997,12.009999999999991,0.0,0.2509690460117426,1.2421658994058231,3.57197189262046,0.14088773445868905,0.1389407604849316
119,2019,4,19,23,0,11.53,1016.5,0.0,2.67,12.99,4.66,22.71,2019-04-19 23:00:00,23,165,109,10.870253852671851,-0.9474276772376581,2.8158948385660745,161.33888980250833,-0.6887235801659248,2.3305233832842798,133.52915391873873,1.3534297176577474,0.9321389606482007,1.1539704277928051,0.0,0.0,0.0,0.0,0.0,1.3756283428097629,0.0,0.0,0.0,284.67999999999995,284.67999999999995,11.529999999999973,0.0,0.2678300709889088,1.2441379256322522,3.599327144869626,0.1444829961828651,0.1422604895145088
120,2019,4,20,0,0,11.03,1016.6,0.0,2.56,20.56,4.57,28.81,2019-04-20 00:00:00,0,-180,110,11.226308550715224,-0.9796618125799623,2.9395654074455595,168.42469144928478,-0.712328570677426,2.3636067542874306,135.42469144928478,1.352691183780457,0.9635605775102882,1.0931889222949074,0.0,0.0,0.0,0.0,0.0,1.3752948469388246,0.0,0.0,0.0,284.17999999999995,284.17999999999995,11.029999999999973,0.0,0.27868345168602326,1.2464495315453743,3.4930621768588033,0.13051674324429985,0.1282707453674767
121,2019,4,20,1,0,10.85,1016.5,0.0,2.2,30.07,4.19,40.16,2019-04-20 01:00:00,1,-165,110,11.226308550715224,-0.9462402387272734,2.8122039055788295,161.1274149198736,-0.6844097579555362,2.3245901662134303,133.18920562164408,1.352691183780457,0.9257950456797702,1.0185177095901425,0.0,0.0,0.0,0.0,0.0,1.3825639212887253,0.0,0.0,0.0,284.0,284.0,10.850000000000023,0.0,0.30981557339156407,1.2471168474260197,3.1078948244780404,0.07989474835997101,0.07847786431797868
122,2019,4,20,2,0,10.49,1016.4,0.0,1.86,36.25,4.1,45.0,2019-04-20 02:00:00,2,-150,110,11.226308550715224,-0.8482531421955054,2.5834743510994933,148.0221767983,-0.6025559407388441,2.2174962040082686,127.05317357595477,1.352691183780457,0.8150721087719739,0.874264003926434,0.0,0.0,0.0,0.0,0.0,1.4077583255678991,0.0,0.0,0.0,283.64,283.64,10.490000000000009,0.0,0.38010709613247157,1.2485768631484087,2.841834287348327,0.044926792051494385,0.04407843993224709
123,2019,4,20,3,0,10.14,1016.3,0.0,1.72,35.54,3.75,43.92,2019-04-20 03:00:00,3,-135,110,11.226308550715224,-0.6923781816819645,2.3355761937386768,133.81865863245525,-0.4723453214008384,2.062746077221887,118.18664443198071,1.352691183780457,0.6389373519588607,0.6702584569542382,0.0,0.0,0.0,0.0,0.0,1.4658305064366317,0.0,0.0,0.0,283.28999999999996,283.28999999999996,10.139999999999986,0.0,0.3748273435603817,1.2499964638986187,2.6125058353909405,0.014786481222809322,0.014490792591082494
124,2019,4,20,4,0,9.82,1016.0,0.0,1.7,45.0,3.47,48.5,2019-04-20 04:00:00,4,-120,110,11.226308550715224,-0.48923797815009684,2.0820121377569425,119.29050838848296,-0.30265153846618165,1.878269767884352,107.61693048679015,1.352691183780457,0.40939406784079585,0.4204037095646059,0.0,0.0,0.0,0.0,0.0,1.6165058358187212,0.0,0.0,0.0,282.96999999999997,282.96999999999997,9.819999999999993,0.0,0.3431336388135198,1.2510406355483443,2.492461665619413,0.0,0.0
125,2019,4,20,5,0,10.07,1016.1,0.0,1.62,68.2,3.58,59.86,2019-04-20 05:00:00,5,-105,110,11.226308550715224,-0.25267620076554087,1.8262415406898311,104.63593265299632,-0.10503894280963533,1.676029387189661,96.02941022586529,1.352691183780457,0.14208525189221347,0.1417269498876473,0.0,0.0,0.0,0.0,0.0,2.4055478283275584,0.0,0.0,0.0,283.21999999999997,283.21999999999997,10.069999999999993,0.0,0.3813219247932106,1.2500593596733633,2.478501359501549,0.0,0.0
126,2019,4,20,6,0,10.05,1016.3,2.67,2.01,84.29,3.76,73.01,2019-04-20 06:00:00,6,-90,110,11.226308550715224,0.0011858562797681705,1.5696104702371922,89.93205542413563,0.10702549374506257,1.4635654528381623,83.85612348877983,1.352691183780457,0.1447724418286967,0.14678046143977275,0.00267,0.018190431981272657,0.0026656288391949004,4.37116080509968e-06,0.00267,0.011080129026014214,6.416009999999796e-07,0.04046157286011614,0.002496000134309717,283.2,283.25873920316076,10.10873920316078,0.4031744656304685,0.3011790534995697,1.2503937085375698,2.812270068740147,0.04104120903441934,0.04020772075538086
127,2019,4,20,7,0,11.22,1016.2,118.37,2.61,85.6,3.49,76.76,2019-04-20 07:00:00,7,-75,110,11.226308550715224,0.25504791332507704,1.3128990718204085,75.22357574195256,0.3190899302997603,1.2460272631920928,71.39210333914355,1.352691183780457,0.4316301355496062,0.4254572211167317,0.11837,0.27821833576899874,0.11431484900337834,0.0040551509966216676,0.11837,0.7992979066606059,0.0017252932742313999,0.1850898874171899,0.11066580146028895,284.37,286.9743351943655,13.824335194365517,17.710629983066923,0.139725743213256,1.2451266133989691,3.050068986450539,0.07229478107635656,0.07112618577542174
128,2019,4,20,8,0,14.83,1016.1,331.08,3.1,75.07,3.76,73.01,2019-04-20 08:00:00,8,-60,110,11.226308550715224,0.49160969070963345,1.0568590501145116,60.55356311176668,0.516702525956307,1.027801319147357,58.88867776512212,1.352691183780457,0.6989389514981891,0.6753119685063638,0.33108,0.4902623016326418,0.22620694544295308,0.1048730545570469,0.33108,0.9514365926502256,0.07082202891619462,0.5628147691830377,0.31608721022638925,287.97999999999996,295.418585680661,22.268585680661033,49.51448701157763,0.09282148213446662,1.229397221496944,3.43807322935997,0.12328962443016744,0.12284865077461098
129,2019,4,20,9,0,18.3,1015.9,525.99,3.2,75.53,3.28,77.66,2019-04-20 09:00:00,9,-45,110,11.226308550715224,0.6947498942415008,0.8027242150695365,45.99270963643624,0.6863963088909636,0.8142743197782597,46.65448188918025,1.352691183780457,0.9284822356162538,0.8793175154785591,0.52599,0.5981798278108171,0.2353834563677993,0.2906065436322006,0.52599,1.0121702072728718,0.2555354239284781,0.7432996885183419,0.5273526422205629,291.45,303.8603655135906,30.710365513590602,80.82222012194158,0.011874636576907075,1.2145209313279812,3.242655882776277,0.0976062017363107,0.09844836267765517
130,2019,4,20,10,0,20.34,1015.6,690.64,0.3,90.0,0.5,143.13,2019-04-20 10:00:00,10,-30,110,11.226308550715224,0.8506248547550416,0.553623723600686,31.720302800636535,0.8166069282289692,0.6152885556996934,35.25343742429251,1.352691183780457,1.104616992429367,1.0235712211422692,0.69064,0.6747356566251153,0.20064186767289252,0.48999813232710754,0.69064,1.0416576511294722,0.5015479866634887,0.8423088201545994,0.7200932474285391,293.48999999999995,310.43619442281823,37.286194422818255,108.46134745199701,0.2456551980554021,1.205722838320949,0.39454089704447753,0.0,0.0
131,2019,4,20,11,0,21.54,1014.9,815.24,0.94,302.01,0.91,263.66,2019-04-20 11:00:00,11,-15,110,11.226308550715224,0.9486119512868096,0.3219760963717679,18.447871426199757,0.8984607454456613,0.454545330477881,26.043529033761807,1.352691183780457,1.2153399293371634,1.0982424338470322,0.81524,0.7423133316241448,0.1581818277245446,0.6570581722754554,0.81524,1.0558190283719873,0.7216091662988787,0.897757765649583,0.868720540989605,294.69,315.13389006462205,41.983890064622074,129.2099789328013,-0.015598070492980311,1.199985385930269,0.9237909653978802,0.0,0.0
132,2019,4,20,12,0,21.8,1014.5,887.33,2.5,306.87,2.26,282.8,2019-04-20 12:00:00,12,0,110,11.226308550715224,0.9820335251394985,0.18984484796531362,10.877308550715245,0.9263795581675511,0.3861138051928155,22.12269144928478,1.352691183780457,1.2531054611676815,1.0982424338470322,0.8873300000000001,0.8079545760144896,0.14640945000000002,0.74092055,0.8873300000000001,1.0600768513092356,0.8137103881192818,0.9137833441248533,0.9516395014090574,294.95,317.3452495998265,44.195249599826525,140.69845624495557,-0.04853510741563316,1.198455062069813,2.368287724666963,0.0,0.0
133,2019,4,20,13,0,20.74,1014.4,904.24,3.69,319.4,3.36,306.53,2019-04-20 13:00:00,13,15,110,11.226308550715224,0.9486119512868096,0.3219760963717679,18.447871426199757,0.8984607454456613,0.454545330477881,26.043529033761807,1.352691183780457,1.2153399293371634,1.0235712211422692,0.90424,0.8834167875400993,0.14919960000000002,0.7550404000000001,0.90424,1.0558190283719873,0.7728376242397474,0.9137833441248533,0.9653283695059311,293.89,316.60739429570623,43.45739429570625,143.0081868473191,-0.045053194427211944,1.2026590811253068,3.509191844222668,0.13263664238355066,0.13510053636132696
134,2019,4,20,14,0,20.35,1014.0,862.41,4.38,332.85,3.62,332.02,2019-04-20 14:00:00,14,30,110,11.226308550715224,0.8506248547550416,0.553623723600686,31.720302800636535,0.8166069282289692,0.6152885556996934,35.25343742429251,1.352691183780457,1.104616992429367,0.8793175154785591,0.86241,0.980772001943624,0.14229765,0.72011235,0.8624099999999999,1.0416576511294722,0.6332074024674265,0.9137833441248533,0.9068692517878455,293.5,314.84165639207396,41.69165639207398,134.99042186828194,-0.09164705750598937,1.2037822982269737,3.9544806543494286,0.19116031457163918,0.19452968007185706
135,2019,4,20,15,0,20.36,1013.7,766.29,4.18,338.96,3.57,342.07,2019-04-20 15:00:00,15,45,110,11.226308550715224,0.6947498942415008,0.8027242150695365,45.99270963643624,0.6863963088909636,0.8142743197782597,46.65448188918025,1.352691183780457,0.9284822356162538,0.6753119685063638,0.7662899999999999,1.1347200045852273,0.12643785,0.63985215,0.7662899999999999,1.0121702072728718,0.43209981496952915,0.9137833441248533,0.7826944430396582,293.51,311.92940922619994,38.77940922619996,117.4213780374604,-0.07585962268392765,1.2033851484204696,3.8409396079299913,0.17623777704222743,0.1794033083756282
136,2019,4,20,16,0,19.88,1013.5,623.89,3.53,334.89,2.91,333.43,2019-04-20 16:00:00,16,60,110,11.226308550715224,0.49160969070963345,1.0568590501145116,60.55356311176668,0.516702525956307,1.027801319147357,58.88867776512212,1.352691183780457,0.6989389514981891,0.4254572211167317,0.62389,1.4663988975493842,0.10294185,0.5209481499999999,0.62389,0.9514365926502256,0.22164115224490227,0.9137833441248533,0.6026269245740301,293.03,307.21182029164214,34.061820291642164,91.54823351275124,-0.0928830101209654,1.2051185493012393,3.182669032944973,0.08972221575848219,0.09120240856625213
137,2019,4,20,17,0,18.9,1013.5,446.78,3.09,335.1,2.66,325.71,2019-04-20 17:00:00,17,75,110,11.226308550715224,0.25504791332507704,1.3128990718204085,75.22357574195256,0.3190899302997603,1.2460272631920928,71.39210333914355,1.352691183780457,0.4316301355496062,0.14678046143977275,0.44677999999999995,3.043865618199624,0.0737187,0.37306129999999993,0.44677999999999995,0.7992979066606059,0.05475810975932148,0.9137833441248533,0.37402374634639524,292.04999999999995,300.8520254973518,27.702025497351826,57.77455488714801,-0.07206019746772828,1.2091624328085677,2.85141045310165,0.04618537383621685,0.04679030824498235
138,2019,4,20,18,0,17.45,1013.7,246.53,2.55,334.44,1.92,321.34,2019-04-20 18:00:00,18,90,110,11.226308550715224,0.0011858562797681705,1.5696104702371922,89.93205542413563,0.10702549374506257,1.4635654528381623,83.85612348877983,1.352691183780457,0.1447724418286967,0.1417269498876473,0.24653,1.7394715697715524,0.040677450000000004,0.20585255,0.24653,0.011080129026014214,0.02917485403809441,0.9137833441248533,0.043336504191743924,290.59999999999997,291.61985239864566,18.469852398645685,6.854652136622697,-0.13646364537923394,1.2154355640498693,2.1900340082747665,0.0,0.0
139,2019,4,20,19,0,14.9,1013.9,56.07,1.48,331.7,1.17,329.04,2019-04-20 19:00:00,19,105,110,11.226308550715224,-0.25267620076554087,1.8262415406898311,104.63593265299632,-0.10503894280963533,1.676029387189661,96.02941022586529,1.352691183780457,0.14208525189221347,0.4204037095646059,0.05607,0.13337180125758,0.05539696587931388,0.0006730341206861237,0.05607,2.4055478283275584,0.0002829460409999991,0.1095603126738061,0.053603066206012545,288.04999999999995,289.3114588247148,16.161458824714828,8.528200668724587,-0.11302954868184847,1.2264372897901121,1.3047326280616705,0.0,0.0
140,2019,4,20,20,0,14.55,1014.1,0.0,0.6,360.0,0.45,26.57,2019-04-20 20:00:00,20,120,110,11.226308550715224,-0.48923797815009684,2.0820121377569425,119.29050838848296,-0.30265153846618165,1.878269767884352,107.61693048679015,1.352691183780457,0.40939406784079585,0.6702584569542382,0.0,0.0,0.0,0.0,0.0,1.6165058358187212,0.0,0.0,0.0,287.7,287.7,14.550000000000011,0.0,-0.13834583309294793,1.2281715249745975,0.5142216832497248,0.0,0.0
141,2019,4,20,21,0,13.94,1014.3,0.0,0.3,90.0,0.5,90.0,2019-04-20 21:00:00,21,135,110,11.226308550715224,-0.6923781816819645,2.3355761937386768,133.81865863245525,-0.4723453214008384,2.062746077221887,118.18664443198071,1.352691183780457,0.6389373519588607,0.874264003926434,0.0,0.0,0.0,0.0,0.0,1.4658305064366317,0.0,0.0,0.0,287.09,287.09,13.939999999999998,0.0,0.2456551980554021,1.2310238397239246,0.39454089704447753,0.0,0.0
142,2019,4,20,22,0,14.81,1014.3,0.0,0.51,78.69,0.73,105.95,2019-04-20 22:00:00,22,150,110,11.226308550715224,-0.8482531421955054,2.5834743510994933,148.0221767983,-0.6025559407388441,2.2174962040082686,127.05317357595477,1.352691183780457,0.8150721087719739,1.0185177095901425,0.0,0.0,0.0,0.0,0.0,1.4077583255678991,0.0,0.0,0.0,287.96,287.96,14.810000000000002,0.0,0.1724664056361739,1.2273046053144239,0.6181524980573461,0.0,0.0
143,2019,4,20,23,0,14.92,1014.1,0.0,0.85,135.0,1.39,149.74,2019-04-20 23:00:00,23,165,110,11.226308550715224,-0.9462402387272734,2.8122039055788295,161.1274149198736,-0.6844097579555362,2.3245901662134303,133.18920562164408,1.352691183780457,0.9257950456797702,1.1538310609204137,0.0,0.0,0.0,0.0,0.0,1.3825639212887253,0.0,0.0,0.0,288.07,288.07,14.920000000000016,0.0,0.23651671219526857,1.2265940491380278,1.1065318816440624,0.0,0.0
144,2019,4,21,0,0,15.1,1013.5,0.0,1.14,164.74,1.7,176.63,2019-04-21 00:00:00,0,-180,111,11.57903665125146,-0.9784079656751399,2.9334091407268965,168.07196334874854,-0.7079943474742636,2.357450487568768,135.07196334874857,1.3519568899142218,0.9571778360881543,1.0911583311761086,0.0,0.0,0.0,0.0,0.0,1.3819431880573116,0.0,0.0,0.0,288.25,288.25,15.100000000000023,0.0,0.19216697399098678,1.2251028222089928,1.4124441556688216,0.0,0.0
145,2019,4,21,1,0,14.64,1013.6,0.0,1.51,172.41,2.2,182.6,2019-04-21 01:00:00,1,-165,111,11.57903665125146,-0.94502786310067,2.80847612999306,160.9138291118371,-0.6801101779099652,2.3187092393717688,132.85225333399168,1.3519568899142218,0.9194796409261646,1.0166202586776325,0.0,0.0,0.0,0.0,0.0,1.389521718385128,0.0,0.0,0.0,287.78999999999996,287.78999999999996,14.639999999999986,0.0,0.1809849913998603,1.2271820831415863,1.8476850699712528,0.0,0.0
146,2019,4,21,2,0,13.91,1013.3,0.0,1.73,169.99,2.42,187.13,2019-04-21 02:00:00,2,-150,111,11.57903665125146,-0.847162354204483,2.58141805587669,147.90435976060047,-0.5983579292921084,2.2122464232591215,126.75238329565961,1.3519568899142218,0.8089541251412724,0.8726237601414677,0.0,0.0,0.0,0.0,0.0,1.415812029443187,0.0,0.0,0.0,287.06,287.06,13.910000000000025,0.0,0.16141166987929,1.2299386960586371,2.0711795477221897,0.0,0.0
147,2019,4,21,3,0,13.37,1013.2,0.0,1.73,169.99,2.33,189.87,2019-04-21 03:00:00,3,-135,111,11.57903665125146,-0.6914808116874536,2.334333238586519,133.7474425481126,-0.46830888226202105,2.058172160505041,117.92457830826112,1.3519568899142218,0.6331334199821674,0.6689819589773831,0.0,0.0,0.0,0.0,0.0,1.4765485727015675,0.0,0.0,0.0,286.52,286.52,13.370000000000005,0.0,0.14318597233918523,1.2321351350168137,2.029509303577221,0.0,0.0
148,2019,4,21,4,0,12.92,1013.0,0.0,1.63,169.38,2.02,200.22,2019-04-21 04:00:00,4,-120,111,11.57903665125146,-0.48859267539620366,2.081272392636932,119.24812411519096,-0.29882566445859193,1.8742581805604026,107.38708346397966,1.3519568899142218,0.40399941594798877,0.41957270740072494,0.0,0.0,0.0,0.0,0.0,1.6350425465678422,0.0,0.0,0.0,286.07,286.07,12.920000000000016,0.0,0.1031611095069058,1.2338297356376677,1.8287254678710994,0.0,0.0
149,2019,4,21,5,0,12.53,1013.1,0.0,1.77,163.61,1.99,197.53,2019-04-21 05:00:00,5,-105,111,11.57903665125146,-0.2523244365304843,1.825877996460137,104.61510310296852,-0.10145827709086486,1.67242948006239,95.82315074083361,1.3519568899142218,0.13716721675182092,0.14139283373816652,0.0,0.0,0.0,0.0,0.0,2.486977344435935,0.0,0.0,0.0,285.67999999999995,285.67999999999995,12.529999999999973,0.0,0.056339690153550455,1.2356360812077938,1.8847709060812685,0.0,0.0
150,2019,4,21,6,0,12.4,1013.3,3.56,1.71,159.44,1.65,194.04,2019-04-21 06:00:00,6,-90,111,11.57903665125146,0.0012226148827323192,1.5695737116075725,89.92994930979773,0.11034301855707948,1.460228157365107,83.66491054318566,1.3519568899142218,0.14917900419217636,0.1466001633341663,0.0035600000000000002,0.02428373829219544,0.003552219490251181,7.78050974881931e-06,0.0035600000000000002,0.011080129026014194,1.140623999999984e-06,0.046749721349945594,0.0033266941812605047,285.54999999999995,285.6282882030656,12.478288203065631,0.5341914546773372,-0.01717676688002736,1.2364426618476356,1.6775574612481132,0.0,0.0
151,2019,4,21,7,0,14.73,1013.3,131.72,1.22,145.01,1.3,184.4,2019-04-21 07:00:00,7,-75,111,11.57903665125146,0.25476966629594877,1.313186824738952,75.24006276972767,0.32214431420502365,1.2428026463727404,71.20734640484775,1.3519568899142218,0.4355252251361737,0.42478003699672534,0.13172,0.3100899018967208,0.12451053558671218,0.007209464413287819,0.13172,0.7908556974679511,0.003062436560202975,0.23395139557416827,0.12285626034574976,287.88,290.7712173268033,17.621217326803333,19.474349257650147,0.030543491821856113,1.226435327534363,1.2622693555423707,0.0,0.0
152,2019,4,21,8,0,18.01,1013.6,336.42,0.42,225.0,0.58,239.04,2019-04-21 08:00:00,8,-60,111,11.57903665125146,0.4910379051616684,1.0575155376812404,60.59117707864305,0.5195117015727511,1.024516943412499,58.70049689717958,1.3519568899142218,0.7023574243323418,0.6741892885733829,0.33642,0.49899932511814443,0.22380079097801486,0.11261920902198513,0.33642,0.9451912318338892,0.07592666441022927,0.5785825525494986,0.32058164001568396,291.15999999999997,298.70435459503574,25.55435459503576,49.79579358133589,0.15522119078293728,1.2129781965493787,0.4993705058172001,0.0,0.0
153,2019,4,21,9,0,19.32,1013.9,529.55,1.57,296.57,1.71,290.56,2019-04-21 09:00:00,9,-45,111,11.57903665125146,0.6939260414529181,0.8038690132657683,46.05830174147451,0.68899491937618,0.8106949551681905,46.4493994036848,1.3519568899142218,0.9314914283665202,0.8778310897374672,0.52955,0.6032481717620327,0.23106148376055158,0.2984885162394484,0.52955,1.007156978865973,0.26202249948459466,0.7507759071330586,0.5296043583390507,292.46999999999997,304.93335589957894,31.783355899578964,80.93926217094456,0.04107725533142361,1.2079025586352168,1.6435895092332549,0.0,0.0
154,2019,4,21,10,0,20.37,1014.1,689.75,1.3,292.62,1.2,274.76,2019-04-21 10:00:00,10,-30,111,11.57903665125146,0.8496075839699475,0.5555555155104204,31.83098632396183,0.8190439664062672,0.6110536408909766,35.01079467915558,1.3519568899142218,1.1073121335256253,1.0218275882736336,0.68975,0.6750160280613728,0.20003440706458686,0.4897155929354131,0.68975,1.0373162111159733,0.5004049032691856,0.8426090351599939,0.7165995575683989,293.52,310.3839762547763,37.23397625477634,107.95014086234144,-0.03849240580664536,1.203818982472035,1.2453788512616655,0.0,0.0
155,2019,4,21,11,0,21.22,1013.5,801.89,2.51,298.61,2.53,288.43,2019-04-21 11:00:00,11,-15,111,11.57903665125146,0.9474730928661346,0.32555584803571497,18.65297608824886,0.9007962150241241,0.4491967105456979,25.737075685428167,1.3519568899142218,1.2178376493105174,1.096365660772108,0.80189,0.7314074388605664,0.1647972512848743,0.6370927487151257,0.80189,1.051817355649924,0.6984866124181773,0.8913410995438171,0.8507286437367101,294.37,314.3904807492706,41.2404807492706,126.78775021072857,0.003816673581179376,1.1996327360184198,2.520705656114022,0.002721314803557203,0.002778859341086194
156,2019,4,21,12,0,21.45,1013.3,867.75,3.69,302.83,3.62,294.44,2019-04-21 12:00:00,12,0,111,11.57903665125146,0.9808531954406043,0.1960011146839765,11.23003665125148,0.9286803845884224,0.3799575384741526,21.76996334874854,1.3519568899142218,1.2555358444725069,1.096365660772108,0.86775,0.7914786380566617,0.14629759473436935,0.7214524052656307,0.86775,1.05617951204526,0.7909756430146798,0.9118145785830905,0.9269017421946981,294.59999999999997,316.4130876663152,43.26308766631524,137.3877691948557,-0.009210372992396895,1.1984596133421328,3.65229445557812,0.15144441416169577,0.15479821370928065
157,2019,4,21,13,0,20.93,1013.3,875.76,4.26,309.29,4.19,303.31,2019-04-21 13:00:00,13,15,111,11.57903665125146,0.9474730928661346,0.32555584803571497,18.65297608824886,0.9007962150241241,0.4491967105456979,25.737075685428167,1.3519568899142218,1.2178376493105174,1.0218275882736336,0.87576,0.8570526085321172,0.1445004,0.7312596,0.87576,1.051817355649924,0.7472212334699421,0.9137833441248533,0.9311320247044895,294.08,315.99264031471233,42.842640314712355,138.17190778525708,-0.00796772884216217,1.200578761189446,4.222316936496174,0.22636165451092571,0.23096612712119136
158,2019,4,21,14,0,20.42,1013.2,818.8,4.53,313.21,4.12,309.09,2019-04-21 14:00:00,14,30,111,11.57903665125146,0.8496075839699475,0.5555555155104204,31.83098632396183,0.8190439664062672,0.6110536408909766,35.01079467915558,1.3519568899142218,1.1073121335256253,0.8778310897374672,0.8188,0.9327534756656641,0.135102,0.6836979999999999,0.8188,1.0373162111159733,0.6001713603913267,0.9137833441248533,0.8572307439569935,293.57,313.7434968411212,40.59349684112124,127.97936638027518,-0.04562223762100558,1.202545760414952,4.305299410190228,0.23726792248214426,0.24169824933758324
159,2019,4,21,15,0,20.18,1013.3,736.03,4.25,311.19,4.16,305.22,2019-04-21 15:00:00,15,45,111,11.57903665125146,0.6939260414529181,0.8038690132657683,46.05830174147451,0.68899491937618,0.8106949551681905,46.4493994036848,1.3519568899142218,0.9314914283665202,0.6741892885733829,0.73603,1.091726036700279,0.12144495,0.61458505,0.73603,1.007156978865973,0.4143466576273369,0.9137833441248533,0.7482946662849009,293.33,310.939867813238,37.789867813238004,112.55782299081648,-0.01029310429465729,1.2036484576776747,4.201496260055913,0.22362522275020574,0.22759211472554453
160,2019,4,21,16,0,19.81,1012.9,606.09,3.69,310.6,3.74,304.11,2019-04-21 16:00:00,16,60,111,11.57903665125146,0.4910379051616684,1.0575155376812404,60.59117707864305,0.5195117015727511,1.024516943412499,58.70049689717958,1.3519568899142218,0.7023574243323418,0.42478003699672534,0.60609,1.4268325891328844,0.10000485,0.50608515,0.60609,0.9451912318338892,0.21497486874049326,0.9137833441248533,0.5821300538660577,292.96,306.6594606009812,33.50946060098124,88.56348965989523,0.006472484609080186,1.2046928907301089,3.7167297970036883,0.15991305903477046,0.16260866053494497
161,2019,4,21,17,0,19.23,1012.8,435.21,3.04,313.67,3.34,308.93,2019-04-21 17:00:00,17,75,111,11.57903665125146,0.25476966629594877,1.313186824738952,75.24006276972767,0.32214431420502365,1.2428026463727404,71.20734640484775,1.3519568899142218,0.4355252251361737,0.1466001633341663,0.43521,2.9686870062208923,0.07180965,0.36340035,0.43521,0.7908556974679511,0.0532745506656932,0.9137833441248533,0.3612525123252152,292.38,300.8814757900534,27.731475790053423,55.7975431824278,0.045258926343488874,1.2069634929294677,3.197366897431208,0.09165393509095879,0.0930235845111727
162,2019,4,21,18,0,18.21,1012.9,252.76,2.2,320.53,2.4,315.0,2019-04-21 18:00:00,18,90,111,11.57903665125146,0.0012226148827323192,1.5695737116075725,89.92994930979773,0.11034301855707948,1.460228157365107,83.66491054318566,1.3519568899142218,0.14917900419217636,0.14139283373816652,0.25276,1.7876436401866374,0.0417054,0.21105459999999998,0.25276,0.011080129026014194,0.029841607967475235,0.9137833441248533,0.04440585925788132,291.35999999999996,292.4050178878688,19.255017887868803,7.009802373731887,0.04184362736128628,1.2113084475161062,2.3050881750557086,0.0,0.0
163,2019,4,21,19,0,16.0,1012.8,65.86,1.3,327.53,1.91,317.12,2019-04-21 19:00:00,19,105,111,11.57903665125146,-0.2523244365304843,1.825877996460137,104.61510310296852,-0.10145827709086486,1.67242948006239,95.82315074083361,1.3519568899142218,0.13716721675182092,0.41957270740072494,0.06586,0.15696921853665405,0.06492958065404585,0.000930419345954156,0.06586,2.486977344435935,0.00039037856399999697,0.1188580231549337,0.06327071750776797,289.15,290.63897088534947,17.488970885349488,10.032607208465635,0.1850203383357647,1.22044608702306,1.5978965991817915,0.0,0.0
164,2019,4,21,20,0,15.96,1013.1,0.0,0.89,333.43,1.58,325.3,2019-04-21 20:00:00,20,120,111,11.57903665125146,-0.48859267539620366,2.081272392636932,119.24812411519096,-0.29882566445859193,1.8742581805604026,107.38708346397966,1.3519568899142218,0.40399941594798877,0.6689819589773831,0.0,0.0,0.0,0.0,0.0,1.6350425465678422,0.0,0.0,0.0,289.10999999999996,289.10999999999996,15.95999999999998,0.0,0.27601577240356845,1.2209764991852323,1.2107776646422892,0.0,0.0
165,2019,4,21,21,0,15.9,1013.7,0.0,0.89,333.43,1.84,330.64,2019-04-21 21:00:00,21,135,111,11.57903665125146,-0.6914808116874536,2.334333238586519,133.7474425481126,-0.46830888226202105,2.058172160505041,117.92457830826112,1.3519568899142218,0.6331334199821674,0.8726237601414677,0.0,0.0,0.0,0.0,0.0,1.4765485727015675,0.0,0.0,0.0,289.04999999999995,289.04999999999995,15.899999999999977,0.0,0.34927617503020514,1.2219532084860474,1.313845815181036,0.0,0.0
166,2019,4,21,22,0,16.0,1013.9,0.0,1.02,348.69,1.4,355.91,2019-04-21 22:00:00,22,150,111,11.57903665125146,-0.847162354204483,2.58141805587669,147.90435976060047,-0.5983579292921084,2.2122464232591215,126.75238329565961,1.3519568899142218,0.8089541251412724,1.0166202586776325,0.0,0.0,0.0,0.0,0.0,1.415812029443187,0.0,0.0,0.0,289.15,289.15,16.0,0.0,0.15228589165782358,1.2217716110117305,1.208793746618137,0.0,0.0
167,2019,4,21,23,0,16.17,1013.9,0.0,0.8,360.0,1.3,360.0,2019-04-21 23:00:00,23,165,111,11.57903665125146,-0.94502786310067,2.80847612999306,160.9138291118371,-0.6801101779099652,2.3187092393717688,132.85225333399168,1.3519568899142218,0.9194796409261646,1.122402308752108,0.0,0.0,0.0,0.0,0.0,1.389521718385128,0.0,0.0,0.0,289.32,289.32,16.170000000000016,0.0,0.23347990604703076,1.221053716729026,1.037920925835554,0.0,0.0
