,Year,Month,Day,Hour,Minute,Real_Temperature(2m)[ÅãC],Real_Mean Sea Level Pressure[hpa],Real_Radiation[W/m2],Real_Wind Speed(10m)[m/s],Time,ts,É÷,n,É¬ the solar declination,cosÉ∆,É∆(radian),É∆(degree),cosÉ∆z,É∆z(radian),É∆z(degree),Gon(the extraterrestrial normal radiation)[kW/m2],Go(the extraterrestrial horizontal radiation)[kW/m2],_Go(the extraterrestrial horizontal radiation averaged over the time step )[kW/m2],the global horizontal radiation[kW/m2],kt(the clearness index),_Gd(the diffuse radiation)[kW/m2],_Gb(the beam radiation)[kW/m2],_G,Rb,Af,f,_Gt,temperature[K],Tc(the PV cell temperature)[K],Real_Tc(the PV cell temperature)[ÅãC],Real_Ppv(the output of the PV array)[Wh]
0,2019,6,17,0,0,19.5,1,0.0,1.5,2019-06-17 00:00:00,0,-180,168,23.38727061938625,-0.9154079601684944,2.7273165791371095,156.26372938061377,-0.5484936070872588,2.1513579259789806,123.26372938061375,1.3232869977517463,0.7258144586085247,1.9276167611280977,0.0,0.0,0.0,0.0,0.0,1.668949187994572,0.0,0.0,0.0,292.65,292.65,19.5,0.0
1,2019,5,6,2,0,19.1,1,0.0,1.0,2019-05-06 02:00:00,2,-150,126,16.402297769361116,-0.8290450317704978,2.54819404729634,146.00076429043995,-0.5387472877924162,2.1397457717490904,122.59840195218607,1.341595707677234,0.7227810488250571,0.8468468657890474,0.0,0.0,0.0,0.0,0.0,1.538838432333669,0.0,0.0,0.0,292.25,292.25,19.100000000000023,0.0
2,2019,5,6,3,0,18.4,1,0.0,0.9,2019-05-06 03:00:00,3,-135,126,16.402297769361116,-0.6765968040078227,2.3139274030813235,132.57827429622668,-0.4113992000138478,1.9947849855750304,114.29276070951404,1.341595707677234,0.551931400880426,0.6489627200952284,0.0,0.0,0.0,0.0,0.0,1.6446235286433428,0.0,0.0,0.0,291.54999999999995,291.54999999999995,18.399999999999977,0.0
3,2019,5,6,4,0,18.6,1,0.0,1.1,2019-05-06 04:00:00,4,-120,126,16.402297769361116,-0.4779224055428292,2.0690843155644982,118.54979873856034,-0.24543594083800832,1.8187656895141986,104.20759793236466,1.341595707677234,0.3292758047379955,0.40660512752701755,0.0,0.0,0.0,0.0,0.0,1.9472388758998656,0.0,0.0,0.0,291.75,291.75,18.600000000000023,0.0
4,2019,5,6,5,0,18.5,1,0.0,0.8,2019-05-06 05:00:00,5,-105,126,16.402297769361116,-0.24656116830594016,1.8199265913442484,104.27411270765553,-0.05216763211047812,1.6229876499669809,92.99034254496377,1.341595707677234,0.06998787131910247,0.1362903575030801,0.0,0.0,0.0,0.0,0.0,4.726324702332372,0.0,0.0,0.0,291.65,291.65,18.5,0.0
5,2019,5,6,6,0,18.0,1,19.4446,1.4,2019-05-06 06:00:00,6,-90,126,16.402297769361116,0.0017200217276737738,1.569076304219115,89.9014499657405,0.15523481031994388,1.4149311861734508,81.06958526917808,1.341595707677234,0.20826235520732636,0.1435600851157317,0.019444600000000003,0.13544572632653873,0.019207568082688392,0.00023703191731161075,0.019444600000000003,0.01108012902601391,3.402832222439992e-05,0.11040885548446036,0.018018590725672065,291.15,291.5740375017441,18.424037501744124,2.850380554471244
6,2019,5,6,7,0,17.8,1,113.8898,2.2,2019-05-06 07:00:00,7,-75,126,16.402297769361116,0.2500012117612875,1.3181148201509394,75.52241610829438,0.3626372527503657,1.1997001042371938,68.73775265419613,1.341595707677234,0.48651258173375483,0.4138748551396696,0.1138898,0.2751793170946948,0.11016405833568574,0.003725741664314261,0.1138898,0.6893974898199021,0.001541990791605896,0.18086892364111945,0.10606355883150363,290.95,293.4460290845014,20.296029084501413,16.698627311502527
7,2019,5,6,8,0,19.0,1,313.8914,0.8,2019-05-06 08:00:00,8,-60,126,16.402297769361116,0.48136244899817693,1.0685878951634527,61.22557643163391,0.5559055614778963,0.9813443537746693,56.22688972028171,1.341595707677234,0.7458005151526483,0.6562324477078798,0.3138914,0.47832349816955094,0.22200301945942008,0.0918883805405799,0.3138914,0.8659068776330576,0.06030013687805787,0.5410539727235265,0.2903880675214003,292.15,298.9837991890036,25.833799189003628,45.073273932326735
8,2019,5,6,9,0,20.9,1,413.8922,1.1,2019-05-06 09:00:00,9,-45,126,16.402297769361116,0.6800368474631702,0.8229834361158104,47.15347749861034,0.7218688206537355,0.7642973063393199,43.79100994646041,1.341595707677234,0.9684561112950786,0.8541165934016985,0.4138922,0.48458512947463933,0.28755086976594485,0.12634133023405514,0.4138922,0.9420504501736456,0.1079102265853502,0.5524959535467215,0.3937427617713952,294.04999999999995,303.31607966035347,30.16607966035349,60.43113800743735
9,2019,5,6,10,0,22.0,1,530.5598,1.5,2019-05-06 10:00:00,10,-30,126,16.402297769361116,0.8324850752258453,0.5872183297605215,33.6451319479993,0.8492169084323038,0.5562958101646751,31.873402083246724,1.341595707677234,1.1393057592397096,0.9940418147111045,0.5305598,0.5337399213474687,0.31348493043129927,0.21707486956870076,0.5305598,0.9802973385947457,0.21578149727424764,0.639642929981187,0.5169909007294615,295.15,307.31651919716666,34.16651919716668,78.51709058021967
10,2019,5,6,11,0,23.7,1,813.8954,1.4,2019-05-06 11:00:00,11,-15,126,16.402297769361116,0.9283180374967839,0.3809333365794325,21.825872461837942,0.9292712630841573,0.37836117196672026,21.67849828531663,1.341595707677234,1.246706337821507,1.0664724390412232,0.8138954,0.7631659011570011,0.14454224512707506,0.669353154872925,0.8138954,0.9989742224630839,0.713846691657266,0.9068665024983253,0.8236871039632876,296.84999999999997,316.234103179936,43.08410317993605,122.14819515120192
11,2019,5,6,12,0,25.4,1,938.8964,3.1,2019-05-06 12:00:00,12,0,126,16.402297769361116,0.96100487626868,0.28018290187841266,16.053297769361112,0.9565763126358484,0.2957757512797159,16.946702230638877,1.341595707677234,1.28333867509797,1.0664724390412232,0.9388964,0.8803756811981787,0.154917906,0.783978494,0.9388964,1.004629597842151,0.836091456652045,0.9137833441248533,0.9567131542940561,298.54999999999995,321.06464956438674,47.914649564386764,140.0205166868111
12,2019,5,6,13,0,26.4,1,966.6744,4.4,2019-05-06 13:00:00,13,15,126,16.402297769361116,0.9283180374967839,0.3809333365794325,21.825872461837942,0.9292712630841573,0.37836117196672026,21.67849828531663,1.341595707677234,1.246706337821507,0.9940418147111045,0.9666744,0.972468547795388,0.15950127600000003,0.807173124,0.9666744,0.9989742224630839,0.8023638369669914,0.9137833441248533,0.9793743333424499,299.54999999999995,322.59794264465893,49.44794264465895,142.73445601512321
13,2019,5,6,14,0,26.3,1,927.7852,4.4,2019-05-06 14:00:00,14,30,126,16.402297769361116,0.8324850752258453,0.5872183297605215,33.6451319479993,0.8492169084323038,0.5562958101646751,31.873402083246724,1.341595707677234,1.1393057592397096,0.8541165934016985,0.9277852,1.0862512298290574,0.153084558,0.774700642,0.9277852,0.9802973385947457,0.6616846732511488,0.9137833441248533,0.9223127630812279,299.45,321.1550936911782,48.00509369117822,134.9523424286652
14,2019,5,6,15,0,26.9,1,827.7844,4.9,2019-05-06 15:00:00,15,45,126,16.402297769361116,0.6800368474631702,0.8229834361158104,47.15347749861034,0.7218688206537355,0.7642973063393199,43.79100994646041,1.341595707677234,0.9684561112950786,0.6562324477078798,0.8277844,1.2614194907480194,0.136584426,0.691199974,0.8277844,0.9420504501736456,0.45358785079364283,0.9137833441248533,0.7929103636247288,300.04999999999995,318.7098238906352,45.55982389063524,116.79636732233783
15,2019,5,6,16,0,25.9,1,672.2276,4.5,2019-05-06 16:00:00,16,60,126,16.402297769361116,0.48136244899817693,1.0685878951634527,61.22557643163391,0.5559055614778963,0.9813443537746693,56.22688972028171,1.341595707677234,0.7458005151526483,0.4138748551396696,0.6722276,1.624229139924784,0.11091755400000002,0.561310046,0.6722276,0.8659068776330576,0.23231211397669127,0.9137833441248533,0.5991197500321841,299.04999999999995,313.1492847840907,39.99928478409072,89.58782886808342
16,2019,5,6,17,0,25.2,1,486.115,4.6,2019-05-06 17:00:00,17,75,126,16.402297769361116,0.2500012117612875,1.3181148201509394,75.52241610829438,0.3626372527503657,1.1997001042371938,68.73775265419613,1.341595707677234,0.48651258173375483,0.1435600851157317,0.486115,3.386143158163468,0.080208975,0.405906025,0.486115,0.6893974898199021,0.05827190349798832,0.9137833441248533,0.3617910426670938,298.34999999999997,306.8641492040989,33.71414920409893,55.01206513762507
17,2019,5,6,18,0,24.9,1,280.5578,4.4,2019-05-06 18:00:00,18,90,126,16.402297769361116,0.0017200217276737738,1.569076304219115,89.9014499657405,0.15523481031994388,1.4149311861734508,81.06958526917808,1.341595707677234,0.20826235520732636,0.1362903575030801,0.28055779999999997,2.0585300760815706,0.046292036999999994,0.23426576299999996,0.28055779999999997,0.01108012902601391,0.031928164590001834,0.9137833441248533,0.049199896577127346,298.04999999999995,299.207837566115,26.05783756611504,7.632255196258255
18,2019,5,6,19,0,23.7,1,80.5562,4.3,2019-05-06 19:00:00,19,105,126,16.402297769361116,-0.24656116830594016,1.8199265913442484,104.27411270765553,-0.05216763211047812,1.6229876499669809,92.99034254496377,1.341595707677234,0.06998787131910247,0.40660512752701755,0.08055620000000001,0.19811899689987877,0.07911982578157406,0.0014363742184259481,0.08055620000000001,4.726324702332372,0.0005840371222596028,0.13353168058924883,0.08122433390779887,296.84999999999997,298.76147932463016,25.61147932463018,12.614675020633507
19,2019,5,6,20,0,22.9,1,5.5556,2.7,2019-05-06 20:00:00,20,120,126,16.402297769361116,-0.4779224055428292,2.0690843155644982,118.54979873856034,-0.24543594083800832,1.8187656895141986,104.20759793236466,1.341595707677234,0.3292758047379955,0.6489627200952284,0.0055556,0.008560738279673099,0.00555131959661721,4.28040338278958e-06,0.0055556,1.9472388758998656,2.7778222223999425e-06,0.027757277337133825,0.005204748398209259,296.04999999999995,296.17248507897114,23.022485078971158,0.8137396387592313
20,2019,5,6,21,0,22.4,1,0.0,2.0,2019-05-06 21:00:00,21,135,126,16.402297769361116,-0.6765968040078227,2.3139274030813235,132.57827429622668,-0.4113992000138478,1.9947849855750304,114.29276070951404,1.341595707677234,0.551931400880426,0.8468468657890474,0.0,0.0,0.0,0.0,0.0,1.6446235286433428,0.0,0.0,0.0,295.54999999999995,295.54999999999995,22.399999999999977,0.0
21,2019,5,6,22,0,22.3,1,0.0,2.1,2019-05-06 22:00:00,22,150,126,16.402297769361116,-0.8290450317704978,2.54819404729634,146.00076429043995,-0.5387472877924162,2.1397457717490904,122.59840195218607,1.341595707677234,0.7227810488250571,0.9867720870984519,0.0,0.0,0.0,0.0,0.0,1.538838432333669,0.0,0.0,0.0,295.45,295.45,22.30000000000001,0.0
22,2019,5,6,23,0,22.1,1,0.0,1.7,2019-05-06 23:00:00,23,165,126,16.402297769361116,-0.9248779940414364,2.751510950077595,157.64996472347755,-0.6188016424442696,2.2380126051097387,128.22867676986655,1.341595707677234,0.8301816274068546,1.1464394427803926,0.0,0.0,0.0,0.0,0.0,1.4946275681948156,0.0,0.0,0.0,295.25,295.25,22.100000000000023,0.0
23,2019,5,7,0,0,21.5,1,0.0,1.0,2019-05-07 00:00:00,0,-180,127,16.688347792507614,-0.9561139726691534,2.844234838803148,162.9626522074924,-0.6422881332605868,2.268276185645019,129.9626522074924,1.340957797885735,0.8612812807852561,1.0570630703524821,0.0,0.0,0.0,0.0,0.0,1.4886060058675292,0.0,0.0,0.0,294.65,294.65,21.5,0.0
24,2019,5,7,1,0,21.4,1,0.0,1.5,2019-05-07 01:00:00,1,-165,127,16.688347792507614,-0.9234755774602064,2.7478393278924087,157.43959626829977,-0.6150235511856075,2.2332121609571463,127.95363158013477,1.340957797885735,0.8247206268457168,0.9847741805998821,0.0,0.0,0.0,0.0,0.0,1.5015288043522603,0.0,0.0,0.0,294.54999999999995,294.54999999999995,21.399999999999977,0.0
25,2019,5,7,2,0,21.5,1,0.0,1.0,2019-05-07 02:00:00,2,-150,127,16.688347792507614,-0.827784644529357,2.5459438144578423,145.8718354458723,-0.5350878411722274,2.135408049605732,122.34986878067117,1.340957797885735,0.7175302131737419,0.8451227694682882,0.0,0.0,0.0,0.0,0.0,1.5470070161114349,0.0,0.0,0.0,294.65,294.65,21.5,0.0
26,2019,5,7,3,0,21.0,1,0.0,1.1,2019-05-07 03:00:00,3,-135,127,16.688347792507614,-0.6755623528190984,2.3125234789241707,132.49783536726537,-0.40792848975785134,1.9909803653888118,114.07477203019344,1.340957797885735,0.547014889320542,0.6476258498414442,0.0,0.0,0.0,0.0,0.0,1.6560803419739474,0.0,0.0,0.0,294.15,294.15,21.0,0.0
27,2019,5,7,4,0,20.7,1,0.0,1.2,2019-05-07 04:00:00,4,-120,127,16.688347792507614,-0.477182399950254,2.0682420632525136,118.50154123579848,-0.24221119660060525,1.8154405907162672,104.01708380477918,1.340957797885735,0.32479499281681645,0.4057425104128305,0.0,0.0,0.0,0.0,0.0,1.970108758998062,0.0,0.0,0.0,293.84999999999997,293.84999999999997,20.69999999999999,0.0
28,2019,5,7,5,0,20.2,1,0.0,1.2,2019-05-07 05:00:00,5,-105,127,16.688347792507614,-0.24616405187246304,1.819516845612183,104.25063600653469,-0.04922932136838026,1.6200455546380574,92.8217728996913,1.340957797885735,0.06601444237355233,0.1359567010333886,0.0,0.0,0.0,0.0,0.0,5.000354362604985,0.0,0.0,0.0,293.34999999999997,293.34999999999997,20.19999999999999,0.0
29,2019,5,7,6,0,19.8,1,13.889000000000001,1.6,2019-05-07 06:00:00,6,-90,127,16.688347792507614,0.0017491727686450606,1.5690471531342873,89.89977973161164,0.15786574005937598,1.4122674112287963,80.91696220727667,1.340957797885735,0.2116912951516227,0.14334612122980248,0.013889,0.09689135555843975,0.013767884836638395,0.00012111516336160526,0.013889,0.011080129026013921,1.7361388889999998e-05,0.09338212891265425,0.012909576023376857,292.95,293.2538053557501,20.103805355750126,2.033477185618851
30,2019,5,7,7,0,20.0,1,50.0004,1.7,2019-05-07 07:00:00,7,-75,127,16.688347792507614,0.24966239740975293,1.3184647304220847,75.5424644900393,0.364960801487132,1.1972056266979254,68.59482961910588,1.340957797885735,0.48939703267679746,0.4131319306092447,0.0500004,0.12102768218923318,0.04945577107315189,0.0005446289268481105,0.0500004,0.6840800337801638,0.000225003600014401,0.10436709920770545,0.04675172902747814,293.15,294.2502240231133,21.1002240231133,7.345494884110528
31,2019,5,7,8,0,20.4,1,69.445,1.8,2019-05-07 08:00:00,8,-60,127,16.688347792507614,0.4806807454875443,1.0693654664463426,61.270127984414074,0.5579426767193574,0.9788916614290196,56.08636080043194,1.340957797885735,0.748177583120062,0.6550152700378581,0.06944499999999999,0.10602042910539515,0.06878236701706981,0.000662632982930178,0.06944499999999999,0.8615235319762509,0.00043403472225000196,0.0976823352479127,0.06506500748061954,293.54999999999995,295.0811965093772,21.93119650937723,10.201125129762401
32,2019,5,7,9,0,20.7,1,105.5564,1.6,2019-05-07 09:00:00,9,-45,127,16.688347792507614,0.6790606983563885,0.8243140100035943,47.229713766710674,0.7236599698766033,0.7617055459798654,43.64251301635436,1.340957797885735,0.9703974796237873,0.8525121896647015,0.1055564,0.1238180536063842,0.10438011908056727,0.0011762809194327262,0.1055564,0.9383698513435533,0.0010027938222864018,0.10556336876291225,0.09900088410590145,293.84999999999997,296.17982080595885,23.029820805958877,15.478063593986196
33,2019,5,7,10,0,21.3,1,100.0008,1.3,2019-05-07 10:00:00,10,-30,127,16.688347792507614,0.8312829900666469,0.589384449311123,33.769241456169546,0.8508193212909793,0.5532537450727711,31.69910459247655,1.340957797885735,1.140912803476987,0.9921636007962971,0.1000008,0.10079063565700326,0.0990936770221612,0.0009071229778388062,0.1000008,0.9770382139480692,0.0009000144000576095,0.09524262285936055,0.09380366392440699,294.45,296.65751289102104,23.507512891021065,14.647533217847505
34,2019,5,7,11,0,21.6,1,102.7786,1.7,2019-05-07 11:00:00,11,-15,127,16.688347792507614,0.9269739229974965,0.3845324527809841,22.032086630164002,0.9307550313043593,0.37432394040352296,21.44718195582842,1.340957797885735,1.248103217148962,1.0644524905488952,0.1027786,0.09655536617421151,0.10188545571779145,0.0008931442822085467,0.1027786,0.9959375902577029,0.0009507096556163929,0.09322007807162024,0.09642180334251266,294.75,297.01912643866046,23.869126438660487,15.042365088345175
35,2019,5,7,12,0,22.2,1,161.1124,2.1,2019-05-07 12:00:00,12,0,127,16.688347792507614,0.9596123182064433,0.28517541660772555,16.33934779250764,0.9580196133793386,0.2907832365504037,16.660652207492394,1.340957797885735,1.2846638710885012,1.0644524905488952,0.16111240000000002,0.15135706048930456,0.15891770506548608,0.0021946949345139355,0.16111240000000002,1.001662497098036,0.0023361484890384032,0.11671390424468468,0.1513165218640358,295.34999999999997,298.91098214786695,25.76098214786697,23.49137546434081
36,2019,5,7,13,0,22.5,1,252.7798,1.4,2019-05-07 13:00:00,13,15,127,16.688347792507614,0.9269739229974965,0.3845324527809841,22.032086630164002,0.9307550313043593,0.37432394040352296,21.44718195582842,1.340957797885735,1.248103217148962,0.9921636007962971,0.2527798,0.2547763290218693,0.24668643874132862,0.0060933612586713815,0.2527798,0.9959375902577029,0.006045611247356056,0.15525917730060992,0.23785028355336246,295.65,301.2474100062891,28.097410006289124,36.70242383302759
37,2019,5,7,14,0,23.6,1,250.002,1.8,2019-05-07 14:00:00,14,30,127,16.688347792507614,0.8312829900666469,0.589384449311123,33.769241456169546,0.8508193212909793,0.5532537450727711,31.69910459247655,1.340957797885735,1.140912803476987,0.8525121896647015,0.250002,0.29325328485722574,0.23926851252593995,0.010733487474060055,0.250002,0.9770382139480692,0.009150428909249586,0.20720426257050986,0.2356492616079538,296.75,302.29561262317384,29.14561262317386,36.263656134336415
38,2019,5,7,15,0,23.8,1,400.0032,2.5,2019-05-07 15:00:00,15,45,127,16.688347792507614,0.6790606983563885,0.8243140100035943,47.229713766710674,0.7236599698766033,0.7617055459798654,43.64251301635436,1.340957797885735,0.9703974796237873,0.6550152700378581,0.4000032,0.6106776716470761,0.1680322656604876,0.2319709343395124,0.4000032,0.9383698513435533,0.15194450419732997,0.7615265566394972,0.38137733923055445,296.95,305.92508004989236,32.77508004989238,58.13398568397145
39,2019,5,7,16,0,24.7,1,263.89099999999996,1.3,2019-05-07 16:00:00,16,60,127,16.688347792507614,0.4806807454875443,1.0693654664463426,61.270127984414074,0.5579426767193574,0.9788916614290196,56.08636080043194,1.340957797885735,0.748177583120062,0.4131319306092447,0.263891,0.6387572115542862,0.09511168567696807,0.16877931432303192,0.263891,0.8615235319762509,0.06972812397317872,0.7997372402414425,0.23821117029829686,297.84999999999997,303.4559028743532,30.30590287435325,36.54698018959597
40,2019,5,7,17,0,24.8,1,261.1132,1.9,2019-05-07 17:00:00,17,75,127,16.688347792507614,0.24966239740975293,1.3184647304220847,75.5424644900393,0.364960801487132,1.1972056266979254,68.59482961910588,1.340957797885735,0.48939703267679746,0.14334612122980248,0.2611132,1.8215574844986673,0.043083678,0.21802952199999998,0.2611132,0.6840800337801638,0.031253686292287884,0.9137833441248533,0.19345701291857761,297.95,302.50268837068387,29.352688370683893,29.754687017726486
41,2019,5,7,18,0,24.8,1,194.446,1.2,2019-05-07 18:00:00,18,90,127,16.688347792507614,0.0017491727686450606,1.5690471531342873,89.89977973161164,0.15786574005937598,1.4122674112287963,80.91696220727667,1.340957797885735,0.2116912951516227,0.1359567010333886,0.194446,1.4302053412744065,0.03208359,0.16236241,0.194446,0.011080129026013921,0.022074257635430465,0.9137833441248533,0.03439216654541877,297.95,298.75936231936885,25.60936231936887,5.341359623517665
42,2019,5,7,19,0,24.6,1,63.8894,1.7,2019-05-07 19:00:00,19,105,127,16.688347792507614,-0.24616405187246304,1.819516845612183,104.25063600653469,-0.04922932136838026,1.6200455546380574,92.8217728996913,1.340957797885735,0.06601444237355233,0.4057425104128305,0.0638894,0.15746291887185918,0.06298398097319254,0.0009054190268074636,0.0638894,5.000354362604985,0.0003673669889124021,0.11904479282382496,0.06371382662966318,297.75,299.24939872001806,26.099398720018087,9.88270164681736
43,2019,5,7,20,0,23.8,1,5.5556,1.9,2019-05-07 20:00:00,20,120,127,16.688347792507614,-0.477182399950254,2.0682420632525136,118.50154123579848,-0.24221119660060525,1.8154405907162672,104.01708380477918,1.340957797885735,0.32479499281681645,0.6476258498414442,0.0055556,0.008578409897258048,0.005551310760737732,4.289239262268187e-06,0.0055556,1.970108758998062,2.777822222399724e-06,0.027785911731543878,0.005204859270488351,296.95,297.0724876881655,23.922487688165518,0.8118770155075865
44,2019,5,7,21,0,22.8,1,0.0,2.0,2019-05-07 21:00:00,21,135,127,16.688347792507614,-0.6755623528190984,2.3125234789241707,132.49783536726537,-0.40792848975785134,1.9909803653888118,114.07477203019344,1.340957797885735,0.547014889320542,0.8451227694682882,0.0,0.0,0.0,0.0,0.0,1.6560803419739474,0.0,0.0,0.0,295.95,295.95,22.80000000000001,0.0
45,2019,5,7,22,0,22.6,1,0.0,1.6,2019-05-07 22:00:00,22,150,127,16.688347792507614,-0.827784644529357,2.5459438144578423,145.8718354458723,-0.5350878411722274,2.135408049605732,122.34986878067117,1.340957797885735,0.7175302131737419,0.9847741805998821,0.0,0.0,0.0,0.0,0.0,1.5470070161114349,0.0,0.0,0.0,295.75,295.75,22.600000000000023,0.0
46,2019,5,7,23,0,22.1,1,0.0,1.0,2019-05-07 23:00:00,23,165,127,16.688347792507614,-0.9234755774602064,2.7478393278924087,157.43959626829977,-0.6150235511856075,2.2332121609571463,127.95363158013477,1.340957797885735,0.8247206268457168,1.1457361127094492,0.0,0.0,0.0,0.0,0.0,1.5015288043522603,0.0,0.0,0.0,295.25,295.25,22.100000000000023,0.0
47,2019,5,8,0,0,21.5,1,0.0,2.2,2019-05-08 00:00:00,0,-180,128,16.969452698039134,-0.9546649773371334,2.839328632658115,162.68154730196085,-0.6385199913127452,2.2633699794999864,129.68154730196088,1.340327604960759,0.8558259706757766,1.054933672492127,0.0,0.0,0.0,0.0,0.0,1.4951215158892988,0.0,0.0,0.0,294.65,294.65,21.5,0.0
48,2019,5,8,1,0,21.2,1,0.0,1.7,2019-05-08 01:00:00,1,-165,128,16.969452698039134,-0.9220749807680708,2.744204574004177,157.23134021093531,-0.6112958391878599,2.228493280853571,127.68325966617164,1.340327604960759,0.8193366880611416,0.9827859003969419,0.0,0.0,0.0,0.0,0.0,1.5083940077084412,0.0,0.0,0.0,294.34999999999997,294.34999999999997,21.19999999999999,0.0
49,2019,5,8,2,0,21.0,1,0.0,1.6,2019-05-08 02:00:00,2,-150,128,16.969452698039134,-0.8265259454695495,2.543704026948856,145.74350507460127,-0.5314786637904769,2.1311415563791236,122.10541672546536,1.340327604960759,0.7123555245260345,0.843407107645033,0.0,0.0,0.0,0.0,0.0,1.555144169993225,0.0,0.0,0.0,294.15,294.15,21.0,0.0
50,2019,5,8,3,0,20.8,1,0.0,2.4,2019-05-08 03:00:00,3,-135,128,16.969452698039134,-0.6745293802949162,2.311123361339975,132.4176145388689,-0.40450787371980834,1.9872369766503608,113.8602916544034,1.340327604960759,0.54217306957064,0.6462957286280919,0.0,0.0,0.0,0.0,0.0,1.667530903890747,0.0,0.0,0.0,293.95,293.95,20.80000000000001,0.0
51,2019,5,8,4,0,20.6,1,0.0,1.7,2019-05-08 04:00:00,4,-120,128,16.969452698039134,-0.47644359997462205,2.0674015672135813,118.4533843600702,-0.23903631849001883,1.8121696043329931,103.82967009017281,1.340327604960759,0.320386976260364,0.40488457808417,0.0,0.0,0.0,0.0,0.0,1.993184981195719,0.0,0.0,0.0,293.75,293.75,20.600000000000023,0.0
52,2019,5,8,5,0,20.2,1,0.0,1.3,2019-05-08 05:00:00,5,-105,128,16.969452698039134,-0.2457678230852659,1.8191080582495653,104.22721421593842,-0.04634061113534452,1.6171535396866163,92.656072648685,1.340327604960759,0.062111600335454174,0.1356254269720462,0.0,0.0,0.0,0.0,0.0,5.30350845757008,0.0,0.0,0.0,293.34999999999997,293.34999999999997,20.19999999999999,0.0
53,2019,5,8,6,0,19.4,1,19.4446,0.8,2019-05-08 06:00:00,6,-90,128,16.969452698039134,0.0017777773878890099,1.5690185484705643,89.89814080510592,0.16044735433270724,1.409652464371942,80.76713678872792,1.340327604960759,0.21505201815504768,0.1431321585317746,0.019444600000000003,0.1358506725494774,0.019206859421129003,0.00023774057887099992,0.019444600000000003,0.011080129026014171,3.4028322224399825e-05,0.11057377867041038,0.018018012169042096,292.54999999999995,292.97402388637806,19.824023886378086,2.8401656413813265
54,2019,5,8,7,0,19.7,1,100.0008,0.6,2019-05-08 07:00:00,7,-75,128,16.969452698039134,0.2493233778610437,1.3188148210170179,75.56252320357618,0.3672353198007588,1.1947614217516025,68.45478699141657,1.340327604960759,0.4922156366455493,0.41239130964389886,0.1000008,0.24249007595807728,0.09796588681948429,0.002034913180515713,0.1000008,0.6789199306763645,0.0008391805115245063,0.14264981252495576,0.0933326722986943,292.84999999999997,295.04642888809593,21.896428888095954,14.634333237881302
55,2019,5,8,8,0,20.8,1,280.5578,1.3,2019-05-08 08:00:00,8,-60,128,16.969452698039134,0.4799991547504002,1.0701425778916636,61.31465319044228,0.5599310271554334,0.9764937754596171,55.94897205463154,1.340327604960759,0.7504910125704598,0.6538024601878203,0.28055779999999997,0.4291170760039708,0.2238505707168834,0.056707229283116556,0.28055779999999997,0.857246931267403,0.03707532601573641,0.449581094639784,0.2604578274485996,293.95,300.0794408726237,26.92944087262373,40.313055343446145
56,2019,5,8,9,0,22.0,1,530.5598,0.6,2019-05-08 09:00:00,9,-45,128,16.969452698039134,0.6780849350706941,0.8256424232353589,47.30582623834012,0.7254025823852228,0.7591772399518386,43.49765175163094,1.340327604960759,0.9722771058807355,0.8509138392047608,0.5305598,0.6235176530867634,0.20818705802829127,0.32237274197170873,0.5305598,0.9347705005971417,0.2743114275261124,0.7794925812399324,0.5046595679021963,295.15,307.02632183129833,33.876321831298355,76.70306520816192
57,2019,5,8,10,0,23.7,1,563.8934,2.8,2019-05-08 10:00:00,10,-30,128,16.969452698039134,0.8300815002453275,0.5915425067898898,33.89288904164953,0.8523733724558913,0.5502891097552395,31.52924350098656,1.340327604960759,1.1424595608361299,0.9902926319566713,0.5638934,0.5694209790148901,0.2884797420386097,0.2754136579613903,0.5638934,0.9738472916553744,0.27274011621939964,0.69886651255444,0.5498948663226837,296.84999999999997,309.79085918746046,36.64085918746048,82.96827048603065
58,2019,5,8,11,0,24.2,1,800.0064,2.6,2019-05-08 11:00:00,11,-15,128,16.969452698039134,0.9256305355438489,0.3880979187856729,22.236372784230046,0.9321905478532744,0.37037811193093495,21.221102637666576,1.340327604960759,1.249440724371237,1.0624404040518545,0.8000064,0.7529894354064439,0.14773182885301214,0.6522745711469878,0.8000064,0.9929627989421986,0.6930028589221559,0.9029599610393613,0.804806338938697,297.34999999999997,316.28977584302396,43.13977584302398,119.33030157987501
59,2019,5,8,12,0,25.8,1,938.8964,4.1,2019-05-08 12:00:00,12,0,128,16.969452698039134,0.9582205321129114,0.29008162275275756,16.62045269803912,0.9594146999781595,0.285877030405371,16.37954730196087,1.340327604960759,1.285930006985872,1.0624404040518545,0.9388964,0.8837167679422848,0.154917906,0.783978494,0.9388964,0.9987553162722279,0.8329304279333243,0.9137833441248533,0.9513175072215979,298.95,321.33767200328157,48.18767200328159,139.12659612059952
60,2019,5,8,13,0,27.4,1,958.341,4.2,2019-05-08 13:00:00,13,15,128,16.969452698039134,0.9256305355438489,0.3880979187856729,22.236372784230046,0.9321905478532744,0.37037811193093495,21.221102637666576,1.340327604960759,1.249440724371237,0.9902926319566713,0.958341,0.9677351613799856,0.15812626500000002,0.800214735,0.958341,0.9929627989421986,0.7924467560536602,0.9137833441248533,0.9652730450622701,300.54999999999995,323.26609232713207,50.116092327132094,140.42049515195103
61,2019,5,8,14,0,27.1,1,919.4518,5.0,2019-05-08 14:00:00,14,30,128,16.969452698039134,0.8300815002453275,0.5915425067898898,33.89288904164953,0.8523733724558913,0.5502891097552395,31.52924350098656,1.340327604960759,1.1424595608361299,0.8509138392047608,0.9194518,1.08054629932837,0.151709547,0.767742253,0.9194518,0.9738472916553744,0.6532825080199427,0.9137833441248533,0.9083841093237086,300.25,321.62730603941793,48.477306039417954,132.74216069778254
62,2019,5,8,15,0,26.5,1,705.5612,5.0,2019-05-08 15:00:00,15,45,128,16.969452698039134,0.6780849350706941,0.8256424232353589,47.30582623834012,0.7254025823852228,0.7591772399518386,43.49765175163094,1.340327604960759,0.9722771058807355,0.6538024601878203,0.7055612,1.0791657158911743,0.11641759800000001,0.589143602,0.7055612,0.9347705005971417,0.38518353639151404,0.9137833441248533,0.6711933401080502,299.65,315.4454166038761,42.295416603876106,99.74666746293704
63,2019,5,8,16,0,25.6,1,569.4490000000001,6.3,2019-05-08 16:00:00,16,60,128,16.969452698039134,0.4799991547504002,1.0701425778916636,61.31465319044228,0.5599310271554334,0.9764937754596171,55.94897205463154,1.340327604960759,0.7504910125704598,0.41239130964389886,0.5694490000000001,1.3808462658723848,0.09395908500000003,0.47548991500000004,0.5694490000000001,0.857246931267403,0.19608790876931614,0.9137833441248533,0.5034888808491663,298.75,310.5987716626504,37.448771662650415,75.80327555486798
64,2019,5,8,17,0,25.7,1,455.5592,4.9,2019-05-08 17:00:00,17,75,128,16.969452698039134,0.2493233778610437,1.3188148210170179,75.56252320357618,0.3672353198007588,1.1947614217516025,68.45478699141657,1.340327604960759,0.4922156366455493,0.1431321585317746,0.4555592,3.1827871854448992,0.07516726800000001,0.380391932,0.4555592,0.6789199306763645,0.05444631831523202,0.9137833441248533,0.33509308720525194,298.84999999999997,306.7358573188969,33.5858573188969,50.96976563716401
65,2019,5,8,18,0,25.4,1,258.3354,3.1,2019-05-08 18:00:00,18,90,128,16.969452698039134,0.0017777773878890099,1.5690185484705643,89.89814080510592,0.16044735433270724,1.409652464371942,80.76713678872792,1.340327604960759,0.21505201815504768,0.1356254269720462,0.2583354,1.9047711462928378,0.042625341000000004,0.21571005899999998,0.2583354,0.011080129026014171,0.02925576885404027,0.9137833441248533,0.04540852838374077,298.54999999999995,299.61861403463064,26.46861403463066,7.036624061261966
66,2019,5,8,19,0,24.3,1,77.7784,3.6,2019-05-08 19:00:00,19,105,128,16.969452698039134,-0.2457678230852659,1.8191080582495653,104.22721421593842,-0.04634061113534452,1.6171535396866163,92.656072648685,1.340327604960759,0.062111600335454174,0.40488457808417,0.07777840000000001,0.1921001791869458,0.07643368798808135,0.0013447120119186584,0.07777840000000001,5.30350845757008,0.0005444531555904014,0.1314877033293424,0.07904867735949814,297.45,299.31027887386017,26.160278873860193,12.259371006503269
67,2019,5,8,20,0,23.7,1,5.5556,3.8,2019-05-08 20:00:00,20,120,128,16.969452698039134,-0.47644359997462205,2.0674015672135813,118.4533843600702,-0.23903631849001883,1.8121696043329931,103.82967009017281,1.340327604960759,0.320386976260364,0.6462957286280919,0.0055556,0.008596064856862061,0.005551301933187309,4.2980668126905985e-06,0.0055556,1.993184981195719,2.7778222224000908e-06,0.02781448969723534,0.005204971421412576,296.84999999999997,296.97249032745054,23.822490327450566,0.8121033918709692
68,2019,5,8,21,0,23.1,1,0.0,3.4,2019-05-08 21:00:00,21,135,128,16.969452698039134,-0.6745293802949162,2.311123361339975,132.4176145388689,-0.40450787371980834,1.9872369766503608,113.8602916544034,1.340327604960759,0.54217306957064,0.843407107645033,0.0,0.0,0.0,0.0,0.0,1.667530903890747,0.0,0.0,0.0,296.25,296.25,23.100000000000023,0.0
69,2019,5,8,22,0,22.9,1,0.0,2.4,2019-05-08 22:00:00,22,150,128,16.969452698039134,-0.8265259454695495,2.543704026948856,145.74350507460127,-0.5314786637904769,2.1311415563791236,122.10541672546536,1.340327604960759,0.7123555245260345,0.9827859003969419,0.0,0.0,0.0,0.0,0.0,1.555144169993225,0.0,0.0,0.0,296.04999999999995,296.04999999999995,22.899999999999977,0.0
70,2019,5,8,23,0,22.9,1,0.0,1.5,2019-05-08 23:00:00,23,165,128,16.969452698039134,-0.9220749807680708,2.744204574004177,157.23134021093531,-0.6112958391878599,2.228493280853571,127.68325966617164,1.340327604960759,0.8193366880611416,1.1450144512088687,0.0,0.0,0.0,0.0,0.0,1.5083940077084412,0.0,0.0,0.0,296.04999999999995,296.04999999999995,22.899999999999977,0.0
71,2019,5,9,0,0,22.6,1,0.0,1.8,2019-05-09 00:00:00,0,-180,129,17.245529188505458,-0.9532195348355956,2.834510188912127,162.40547081149455,-0.6348042937488019,2.2585515357539983,129.40547081149455,1.3397053156420706,0.8504506867276805,1.0528165072469025,0.0,0.0,0.0,0.0,0.0,1.5015959158158967,0.0,0.0,0.0,295.75,295.75,22.600000000000023,0.0
72,2019,5,9,1,0,22.3,1,0.0,1.0,2019-05-09 01:00:00,1,-165,129,17.245529188505458,-0.9206778347008382,2.740609868468785,157.02537875516504,-0.6076204861962712,2.2238574614791187,127.41764678143055,1.3397053156420706,0.814032395250164,0.9808091010897294,0.0,0.0,0.0,0.0,0.0,1.5152185543715266,0.0,0.0,0.0,295.45,295.45,22.30000000000001,0.0
73,2019,5,9,2,0,22.1,1,0.0,1.5,2019-05-09 02:00:00,2,-150,129,17.245529188505458,-0.825270397383048,2.5414771609985296,145.61591505410618,-0.5279215951000181,2.1269478080814643,121.86513264766931,1.3397053156420706,0.7072593671977353,0.8417014745071346,0.0,0.0,0.0,0.0,0.0,1.5632442488485345,0.0,0.0,0.0,295.25,295.25,22.100000000000023,0.0
74,2019,5,9,3,0,21.7,1,0.0,1.8,2019-05-09 03:00:00,3,-135,129,17.245529188505458,-0.6734990820671868,2.3097286504801153,132.33770349295787,-0.40113896817960726,1.983556226534915,113.64940020734606,1.3397053156420706,0.5374080079813953,0.6449735823644945,0.0,0.0,0.0,0.0,0.0,1.6789669802551621,0.0,0.0,0.0,294.84999999999997,294.84999999999997,21.69999999999999,0.0
75,2019,5,9,4,0,21.3,1,0.0,0.9,2019-05-09 04:00:00,4,-120,129,17.245529188505458,-0.47570685307807337,2.066563787912398,118.40538314194897,-0.2359126319414673,1.8089539278445517,103.64542539910566,1.3397053156420706,0.316053407039095,0.4040321054031185,0.0,0.0,0.0,0.0,0.0,2.016453502990471,0.0,0.0,0.0,294.45,294.45,21.30000000000001,0.0
76,2019,5,9,5,0,20.8,1,0.0,0.6,2019-05-09 05:00:00,5,-105,129,17.245529188505458,-0.24537292395420318,1.8187006848386371,104.20387343880637,-0.04350248815079702,1.6143125478106914,92.49329580456354,1.3397053156420706,0.05828051461927897,0.13529680710330746,0.0,0.0,0.0,0.0,0.0,5.640434246051456,0.0,0.0,0.0,293.95,293.95,20.80000000000001,0.0
77,2019,5,9,6,0,21.0,1,19.4446,1.1,2019-05-09 06:00:00,6,-90,129,17.245529188505458,0.0018058286794483988,1.5689904971339736,89.89653358190958,0.16297902986586701,1.4070870212126314,80.62014772311872,1.3397053156420706,0.21834387264948993,0.14291844606188506,0.019444600000000003,0.136053816255323,0.01920650391679976,0.00023809608320024198,0.019444600000000003,0.011080129026014018,3.402832222439988e-05,0.11065642079418178,0.018017721893326902,294.15,294.57401705522295,21.424017055222976,2.828550419469108
78,2019,5,9,7,0,21.0,1,77.7784,1.1,2019-05-09 07:00:00,7,-75,129,17.245529188505458,0.24898458131309975,1.319164649808406,75.58256691687488,0.3694605478825308,1.1923678995867422,68.31764827319907,1.3397053156420706,0.4949682599182582,0.4116537443616965,0.07777840000000001,0.1889413155238073,0.07645580021061969,0.0013225997893803187,0.07777840000000001,0.6739138528865709,0.0005444531555903994,0.13040214107576084,0.07263428525125583,294.15,295.8593268462462,22.7093268462462,11.365181217914454
79,2019,5,9,8,0,21.5,1,280.5578,1.0,2019-05-09 08:00:00,8,-60,129,17.245529188505458,0.4793185104369704,1.070918280679303,61.35909768633055,0.5618706916732015,0.9741508530624149,55.81473248954518,1.3397053156420706,0.7527411523380749,0.6525952213230722,0.28055779999999997,0.4299109016324036,0.22347433407951642,0.05708346592048355,0.28055779999999997,0.8530761926905318,0.037252397076266014,0.4510700515540622,0.26016301724413005,294.65,300.7725030058118,27.622503005811836,40.19506289484266
80,2019,5,9,9,0,22.6,1,511.1152,0.9,2019-05-09 09:00:00,9,-45,129,17.245529188505458,0.6771107394260836,0.8269670800993072,47.38172348594739,0.7270970279113413,0.7567123413992801,43.35642346764143,1.3397053156420706,0.974095753280375,0.8493231134657119,0.5111152,0.6017912286813495,0.22465584983221373,0.28645935016778623,0.5111152,0.9312522447948269,0.24329654716586882,0.74863840557692,0.48487760636590954,295.75,307.1607863364777,34.010786336477736,73.67024459609938
81,2019,5,9,10,0,24.8,1,700.0056,1.3,2019-05-09 10:00:00,10,-30,129,17.245529188505458,0.8288820547419447,0.5936899995769009,34.015931314880056,0.8538796548317521,0.547401865546817,31.363816593420363,1.3397053156420706,1.1439471124967147,0.9884307400483082,0.7000056,0.7081989376066837,0.16497372112515124,0.5350318788748487,0.7000055999999999,0.9707246800549043,0.5288419559857035,0.8742569078562494,0.6882426961091324,297.95,314.14664478176826,40.99664478176828,102.63911985442654
82,2019,5,9,11,0,27.8,1,830.5622,2.4,2019-05-09 11:00:00,11,-15,129,17.245529188505458,0.9242894920597349,0.39162641665747017,22.438540820304922,0.9335785459280052,0.36652439047608953,21.000300662884918,1.3397053156420706,1.2507201405491435,1.0604381462054795,0.8305621999999999,0.7832255025641667,0.14077078926996411,0.6897914107300358,0.8305621999999999,0.9900500564105865,0.7314811248630216,0.9113240051738805,0.8337501115830667,300.95,320.57091929258814,47.42091929258817,122.18936666141636
83,2019,5,9,12,0,28.5,1,927.7852,3.2,2019-05-09 12:00:00,12,0,129,17.245529188505458,0.9568311921944923,0.29490006649874584,16.896529188505458,0.9607623534805358,0.2810585866593829,16.103470811494542,1.3397053156420706,1.28713843202666,1.0604381462054795,0.9277852,0.8749074175800391,0.153084558,0.774700642,0.9277852,0.9959082896287493,0.8215221126666749,0.9137833441248533,0.9373905797535783,301.65,323.7099249768675,50.559924976867535,136.19739991732814
84,2019,5,9,13,0,28.2,1,938.8964,5.0,2019-05-09 13:00:00,13,15,129,17.245529188505458,0.9242894920597349,0.39162641665747017,22.438540820304922,0.9335785459280052,0.36652439047608953,21.000300662884918,1.3397053156420706,1.2507201405491435,0.9884307400483082,0.9388964,0.9498858766311868,0.154917906,0.783978494,0.9388964,0.9900500564105865,0.7749084430063781,0.9137833441248533,0.9429068465489219,301.34999999999997,323.5397411221179,50.389741122117925,137.06328089667764
85,2019,5,9,14,0,28.1,1,916.674,4.1,2019-05-09 14:00:00,14,30,129,17.245529188505458,0.8288820547419447,0.5936899995769009,34.015931314880056,0.8538796548317521,0.547401865546817,31.363816593420363,1.3397053156420706,1.1439471124967147,0.8493231134657119,0.916674,1.0792994862219856,0.15125121,0.76542279,0.916674,0.9707246800549043,0.6500912671204119,0.9137833441248533,0.9029255689399852,301.25,322.49884838905433,49.34884838905435,131.62868706636584
86,2019,5,9,15,0,29.1,1,788.8952,4.7,2019-05-09 15:00:00,15,45,129,17.245529188505458,0.6771107394260836,0.8269670800993072,47.38172348594739,0.7270970279113413,0.7567123413992801,43.35642346764143,1.3397053156420706,0.974095753280375,0.6525952213230722,0.7888952,1.2088583768673529,0.13016770800000002,0.658727492,0.7888952,0.9312522447948269,0.42988241343333233,0.9137833441248533,0.7479315288568466,302.25,319.8513219790978,46.70132197909783,109.82831142907312
87,2019,5,9,16,0,29.4,1,580.5602,3.7,2019-05-09 16:00:00,16,60,129,17.245529188505458,0.4793185104369704,1.070918280679303,61.35909768633055,0.5618706916732015,0.9741508530624149,55.81473248954518,1.3397053156420706,0.7527411523380749,0.4116537443616965,0.5805602,1.4103119623027043,0.095792433,0.48476776699999996,0.5805602,0.8530761926905318,0.19955646643140845,0.9137833441248533,0.5111844623598422,302.54999999999995,314.5798743475349,41.429874347534906,76.14516567706687
88,2019,5,9,17,0,27.3,1,383.3364,4.9,2019-05-09 17:00:00,17,75,129,17.245529188505458,0.24898458131309975,1.319164649808406,75.58256691687488,0.3694605478825308,1.1923678995867422,68.31764827319907,1.3397053156420706,0.4949682599182582,0.14291844606188506,0.3833364,2.6822038061763678,0.06325050600000001,0.320085894,0.3833364,0.6739138528865709,0.04574617857680925,0.9137833441248532,0.28049460220511196,300.45,307.0509729718936,33.90097297189362,42.62952041601386
89,2019,5,9,18,0,26.9,1,169.4458,3.1,2019-05-09 18:00:00,18,90,129,17.245529188505458,0.0018058286794483988,1.5689904971339736,89.89653358190958,0.16297902986586701,1.4070870212126314,80.62014772311872,1.3397053156420706,0.21834387264948993,0.13529680710330746,0.16944579999999998,1.252400582303599,0.027958557,0.14148724299999998,0.16944579999999998,0.011080129026014018,0.01914277222374979,0.9137833441248533,0.0300463346578741,300.04999999999995,300.7570904089486,27.607090408948636,4.642330318235584
90,2019,5,9,19,0,25.8,1,41.667,3.1,2019-05-09 19:00:00,19,105,129,17.245529188505458,-0.24537292395420318,1.8187006848386371,104.20387343880637,-0.04350248815079702,1.6143125478106914,92.49329580456354,1.3397053156420706,0.05828051461927897,0.4040321054031185,0.041667,0.10312794315795082,0.04128026711931939,0.0003867328806806125,0.041667,5.640434246051456,0.00015625250001000089,0.09634061907739448,0.04091816032475754,298.95,299.91294070630926,26.76294070630928,6.3359516386607835
91,2019,5,9,20,0,25.2,1,5.5556,2.4,2019-05-09 20:00:00,20,120,129,17.245529188505458,-0.47570685307807337,2.066563787912398,118.40538314194897,-0.2359126319414673,1.8089539278445517,103.64542539910566,1.3397053156420706,0.316053407039095,0.6449735823644945,0.0055556,0.008613686129024054,0.005551293122480743,4.3068775192568395e-06,0.0055556,2.016453502990471,2.7778222224001907e-06,0.02784298388485362,0.005205084782652297,298.34999999999997,298.4724929952184,25.322492995218397,0.8089876840189067
92,2019,5,9,21,0,24.6,1,0.0,1.6,2019-05-09 21:00:00,21,135,129,17.245529188505458,-0.6734990820671868,2.3097286504801153,132.33770349295787,-0.40113896817960726,1.983556226534915,113.64940020734606,1.3397053156420706,0.5374080079813953,0.8417014745071346,0.0,0.0,0.0,0.0,0.0,1.6789669802551621,0.0,0.0,0.0,297.75,297.75,24.600000000000023,0.0
93,2019,5,9,22,0,24.7,1,0.0,1.6,2019-05-09 22:00:00,22,150,129,17.245529188505458,-0.825270397383048,2.5414771609985296,145.61591505410618,-0.5279215951000181,2.1269478080814643,121.86513264766931,1.3397053156420706,0.7072593671977353,0.9808091010897294,0.0,0.0,0.0,0.0,0.0,1.5632442488485345,0.0,0.0,0.0,297.84999999999997,297.84999999999997,24.69999999999999,0.0
94,2019,5,9,23,0,24.4,1,0.0,0.5,2019-05-09 23:00:00,23,165,129,17.245529188505458,-0.9206778347008382,2.740609868468785,157.02537875516504,-0.6076204861962712,2.2238574614791187,127.41764678143055,1.3397053156420706,0.814032395250164,1.1442761747498345,0.0,0.0,0.0,0.0,0.0,1.5152185543715266,0.0,0.0,0.0,297.54999999999995,297.54999999999995,24.399999999999977,0.0
95,2019,5,10,0,0,24.3,1,0.0,1.3,2019-05-10 00:00:00,0,-180,130,17.516495456484222,-0.9517793269668349,2.829780935374056,162.13450454351576,-0.6311430420713564,2.2538222822159275,129.1345045435158,1.3390911143274253,0.8451580395073339,1.0507135508155636,0.0,0.0,0.0,0.0,0.0,1.5080247479924331,0.0,0.0,0.0,297.45,297.45,24.30000000000001,0.0
96,2019,5,10,1,0,23.6,1,0.0,0.5,2019-05-10 01:00:00,1,-165,130,17.516495456484222,-0.9192857639821296,2.7370582823282863,156.8218878587373,-0.6039994460325981,2.2193061718415326,127.15687709385524,1.3390911143274253,0.8088102912409394,0.9788456249428523,0.0,0.0,0.0,0.0,0.0,1.5219976939060227,0.0,0.0,0.0,296.75,296.75,23.600000000000023,0.0
97,2019,5,10,2,0,23.9,1,0.0,1.5,2019-05-10 02:00:00,2,-150,130,17.516495456484222,-0.8240194576472701,2.5392656520952546,145.4892049275929,-0.5244184491294512,2.1228282923315205,121.62910178155987,1.3390911143274253,0.7022440854186173,0.8400074535782971,0.0,0.0,0.0,0.0,0.0,1.5713014273528414,0.0,0.0,0.0,297.04999999999995,297.04999999999995,23.899999999999977,0.0
98,2019,5,10,3,0,23.6,1,0.0,0.8,2019-05-10 03:00:00,3,-135,130,17.516495456484222,-0.6724726493039614,2.308340932454989,132.25819310696392,-0.3978233647870493,1.9799394964266228,113.44217683650302,1.3390911143274253,0.5327217328581757,0.6436606286594606,0.0,0.0,0.0,0.0,0.0,1.6903799747004025,0.0,0.0,0.0,296.75,296.75,23.600000000000023,0.0
99,2019,5,10,4,0,23.6,1,0.0,0.4,2019-05-10 04:00:00,4,-120,130,17.516495456484222,-0.4749730034978585,2.0657296804272507,118.35759230338977,-0.23284143879505886,1.8057947363637865,103.46441706058414,1.3390911143274253,0.3117959017376763,0.40318586182609345,0.0,0.0,0.0,0.0,0.0,2.039898937044096,0.0,0.0,0.0,296.75,296.75,23.600000000000023,0.0
100,2019,5,10,5,0,23.7,1,0.0,1.2,2019-05-10 05:00:00,5,-105,130,17.516495456484222,-0.24497979470705067,1.8182951789380177,104.18063966213323,-0.040715916764310384,1.611523501671794,92.33349523193746,1.3390911143274253,0.05452232235078319,0.13497111103454779,0.0,0.0,0.0,0.0,0.0,6.016806550744012,0.0,0.0,0.0,296.84999999999997,296.84999999999997,23.69999999999999,0.0
101,2019,5,10,6,0,23.4,1,22.2224,1.1,2019-05-10 06:00:00,6,-90,130,17.516495456484222,0.001833319971117606,1.5689630057967938,89.894958444316,0.16546016448123846,1.4045717379133358,80.47603260578934,1.3390911143274253,0.22156623603198075,0.14270523169456573,0.0222224,0.15572239178702962,0.02191095272486767,0.00031144727513232953,0.0222224,0.011080129026013909,4.444515555840024e-05,0.11838502971589247,0.020559221913736117,296.54999999999995,297.0338270223699,23.88382702236993,3.2072375326594633
102,2019,5,10,7,0,23.3,1,80.5562,0.7,2019-05-10 07:00:00,7,-75,130,17.516495456484222,0.24864643464928565,1.319513776185135,75.60257038477815,0.3716362457267871,1.1900254493786686,68.18343576255691,1.3390911143274253,0.4976547944147443,0.41091998248611183,0.08055620000000001,0.19603865334712123,0.07913490839299148,0.0014212916070085319,0.08055620000000001,0.6690586225329622,0.0005840371222596036,0.13282875743317415,0.07521174375901134,296.45,298.21998303646205,25.069983036462077,11.697224776942043
103,2019,5,10,8,0,23.4,1,133.3344,1.6,2019-05-10 08:00:00,8,-60,130,17.516495456484222,0.4786396434400938,1.071691630731927,61.403407380432135,0.563761767757536,0.9718630256630404,55.68364963530663,1.3390911143274253,0.754928373801638,0.6513947493194785,0.1333344,0.20469062751779374,0.13087809281948623,0.0024563071805137615,0.1333344,0.8490104700500873,0.0016000256001023965,0.13572824494776833,0.12491617226839509,296.54999999999995,299.4896939207162,26.33969392071623,19.3637990566286
104,2019,5,10,9,0,23.5,1,177.7792,1.7,2019-05-10 09:00:00,9,-45,130,17.516495456484222,0.6761392892461967,0.8282863980224224,47.45731483477786,0.7287436937495262,0.7543107669721159,43.21882338877837,1.3390911143274253,0.975854204922137,0.8477415742383146,0.1777792,0.2097091913413972,0.17442382609576115,0.0033553739042388453,0.1777792,0.9278149437799321,0.0028444899557375984,0.13738204839325166,0.1668427191498619,296.65,300.5763653239934,27.426365323993423,25.790254045587382
105,2019,5,10,10,0,24.7,1,319.447,0.8,2019-05-10 10:00:00,10,-30,130,17.516495456484222,0.8276860975895053,0.5958244649791447,34.13822717394531,0.8553387780919279,0.5445919152424037,31.202818300335977,1.3390911143274253,1.145376557482578,0.9865797456028714,0.319447,0.32379237605855654,0.29836482457857305,0.02108217542142693,0.319447,0.9676704935977418,0.020799247264026488,0.2568965691976342,0.3017322873169785,297.84999999999997,304.9507664948595,31.800766494859545,46.11153923406893
106,2019,5,10,11,0,25.6,1,672.2276,2.4,2019-05-10 11:00:00,11,-15,130,17.516495456484222,0.9229524039243648,0.3951147438229753,22.638407244449198,0.9349197749950751,0.3627634052871229,20.784812084745916,1.3390911143274253,1.2519427633049007,1.0584476714755808,0.6722276,0.6351070705865395,0.24736314137124027,0.42486445862875977,0.6722276,0.9871995743476778,0.449696796928344,0.7949998219930708,0.6675091121720834,298.75,314.458714439783,41.308714439783046,99.46347612693322
107,2019,5,10,12,0,28.1,1,897.2294,1.5,2019-05-10 12:00:00,12,0,130,17.516495456484222,0.95544596690907,0.2996293200368171,17.16749545648425,0.9620633710338333,0.2763293331213123,15.832504543515785,1.3390911143274253,1.288290511571295,1.0584476714755808,0.8972294000000001,0.847684230576249,0.14804285100000003,0.749186549,0.8972294000000001,0.9931216546393901,0.7929747582898762,0.9137833441248533,0.9038613137353055,301.25,322.5208695832375,49.37086958323755,131.7571121490151
108,2019,5,10,13,0,29.3,1,969.4522,1.2,2019-05-10 13:00:00,13,15,130,17.516495456484222,0.9229524039243648,0.3951147438229753,22.638407244449198,0.9349197749950751,0.3627634052871229,20.784812084745916,1.3390911143274253,1.2519427633049007,0.9865797456028714,0.9694522,0.9826394716907498,0.159959613,0.809492587,0.9694522000000001,0.9871995743476778,0.7986289905498702,0.9137833441248533,0.9711168645970635,302.45,325.3036168801842,52.153616880184245,140.47651918792684
109,2019,5,10,14,0,30.2,1,819.451,4.0,2019-05-10 14:00:00,14,30,130,17.516495456484222,0.8276860975895053,0.5958244649791447,34.13822717394531,0.8553387780919279,0.5445919152424037,31.202818300335977,1.3390911143274253,1.145376557482578,0.8477415742383146,0.819451,0.9666283038392527,0.135209415,0.6842415850000001,0.8194510000000002,0.9676704935977418,0.5800600384272196,0.9137833441248533,0.8045270348052344,303.34999999999997,322.2832028857498,49.133202885749824,117.35375401033816
110,2019,5,10,15,0,29.2,1,805.562,4.6,2019-05-10 15:00:00,15,45,130,17.516495456484222,0.6761392892461967,0.8282863980224224,47.45731483477786,0.7287436937495262,0.7543107669721159,43.21882338877837,1.3390911143274253,0.975854204922137,0.6513947493194785,0.805562,1.2366725412533373,0.13291773,0.6726442699999999,0.8055619999999999,0.9278149437799321,0.43815694563783353,0.9137833441248533,0.7612125731607179,302.34999999999997,320.26386922171554,47.11386922171556,111.6525060074308
111,2019,5,10,16,0,29.0,1,633.3384,5.9,2019-05-10 16:00:00,16,60,130,17.516495456484222,0.4786396434400938,1.071691630731927,61.403407380432135,0.563761767757536,0.9718630256630404,55.68364963530663,1.3390911143274253,0.754928373801638,0.41091998248611183,0.6333384,1.5412694125221944,0.104500836,0.5288375639999999,0.6333384,0.8490104700500873,0.217309922536878,0.9137833441248533,0.5552547079094221,302.15,315.21699412613503,42.06699412613506,82.56782034894022
112,2019,5,10,17,0,28.3,1,458.337,5.3,2019-05-10 17:00:00,17,75,130,17.516495456484222,0.24864643464928565,1.319513776185135,75.60257038477815,0.3716362457267871,1.1900254493786686,68.18343576255691,1.3390911143274253,0.4976547944147443,0.14270523169456573,0.458337,3.211774330607486,0.075625605,0.382711395,0.458337,0.6690586225329622,0.05461491829562546,0.9137833441248533,0.33331826190867564,301.45,309.29408976358417,36.14408976358419,50.357592193966035
113,2019,5,10,18,0,27.4,1,275.0022,4.9,2019-05-10 18:00:00,18,90,130,17.516495456484222,0.001833319971117606,1.5689630057967938,89.894958444316,0.16546016448123846,1.4045717379133358,80.47603260578934,1.3390911143274253,0.22156623603198075,0.13497111103454779,0.27500220000000003,2.0374893404382606,0.04537536300000001,0.22962683700000003,0.27500220000000003,0.011080129026013909,0.03099298931323901,0.9137833441248533,0.048264998710940046,300.54999999999995,301.6858363029974,28.53583630299744,7.43922824829028
114,2019,5,10,19,0,27.3,1,77.7784,2.7,2019-05-10 19:00:00,19,105,130,17.516495456484222,-0.24497979470705067,1.8182951789380177,104.18063966213323,-0.040715916764310384,1.611523501671794,92.33349523193746,1.3390911143274253,0.05452232235078319,0.40318586182609345,0.07777840000000001,0.19290954213456088,0.07642802240212372,0.00135037759787629,0.07777840000000001,6.016806550744012,0.0005444531555904018,0.13176440639304127,0.08006683539129136,300.45,302.33423952620836,29.184239526208387,12.320105233315866
115,2019,5,10,20,0,26.5,1,5.5556,2.1,2019-05-10 20:00:00,20,120,130,17.516495456484222,-0.4749730034978585,2.0657296804272507,118.35759230338977,-0.23284143879505886,1.8057947363637865,103.46441706058414,1.3390911143274253,0.3117959017376763,0.6436606286594606,0.0055556,0.00863125652344239,0.005551284337213252,4.315662786747755e-06,0.0055556,2.039898937044096,2.7778222224003e-06,0.02787136679658712,0.005205199278629213,299.65,299.7724956896904,26.622495689690425,0.80628980975331
116,2019,5,10,21,0,26.1,1,0.0,2.2,2019-05-10 21:00:00,21,135,130,17.516495456484222,-0.6724726493039614,2.308340932454989,132.25819310696392,-0.3978233647870493,1.9799394964266228,113.44217683650302,1.3390911143274253,0.5327217328581757,0.8400074535782971,0.0,0.0,0.0,0.0,0.0,1.6903799747004025,0.0,0.0,0.0,299.25,299.25,26.100000000000023,0.0
117,2019,5,10,22,0,25.9,1,0.0,1.8,2019-05-10 22:00:00,22,150,130,17.516495456484222,-0.8240194576472701,2.5392656520952546,145.4892049275929,-0.5244184491294512,2.1228282923315205,121.62910178155987,1.3390911143274253,0.7022440854186173,0.9788456249428523,0.0,0.0,0.0,0.0,0.0,1.5713014273528414,0.0,0.0,0.0,299.04999999999995,299.04999999999995,25.899999999999977,0.0
118,2019,5,10,23,0,24.9,1,0.0,2.5,2019-05-10 23:00:00,23,165,130,17.516495456484222,-0.9192857639821296,2.7370582823282863,156.8218878587373,-0.6039994460325981,2.2193061718415326,127.15687709385524,1.3390911143274253,0.8088102912409394,1.1435229987357796,0.0,0.0,0.0,0.0,0.0,1.5219976939060227,0.0,0.0,0.0,298.04999999999995,298.04999999999995,24.899999999999977,0.0
119,2019,5,11,0,0,25.1,1,0.0,2.0,2019-05-11 00:00:00,0,-180,131,17.782271208822298,-0.9503460273579227,2.825142273423792,161.86872879117772,-0.6275382102722575,2.249183620265663,128.86872879117772,1.3384851830179274,0.8399505962270054,1.0486267641398561,0.0,0.0,0.0,0.0,0.0,1.514403444764925,0.0,0.0,0.0,298.25,298.25,25.100000000000023,0.0
120,2019,5,11,1,0,24.1,1,0.0,2.3,2019-05-11 01:00:00,1,-165,131,17.782271208822298,-0.9179003854310257,2.733552780695428,156.62103741009832,-0.6004346452339625,2.2148408528957657,126.90103316408299,1.3384851830179274,0.8036728760162848,0.976897299969842,0.0,0.0,0.0,0.0,0.0,1.5287265528679828,0.0,0.0,0.0,297.25,297.25,24.100000000000023,0.0
121,2019,5,11,2,0,23.9,1,0.0,2.7,2019-05-11 02:00:00,2,-150,131,17.782271208822298,-0.8227745765286947,2.537071893276177,145.36351180599016,-0.5209710132856785,2.118784467956988,121.39740771180702,1.3384851830179274,0.6973119820647165,0.8383266160744615,0.0,0.0,0.0,0.0,0.0,1.5793097035084365,0.0,0.0,0.0,297.04999999999995,297.04999999999995,23.899999999999977,0.0
122,2019,5,11,3,0,23.6,1,0.0,2.9,2019-05-11 03:00:00,3,-135,131,17.782271208822298,-0.6714512673247908,2.306961777673991,132.1791733587174,-0.3945626296248199,1.976388141470759,113.23869918597916,1.3384851830179274,0.5281162335254116,0.6423580755622964,0.0,0.0,0.0,0.0,0.0,1.701760929470836,0.0,0.0,0.0,296.75,296.75,23.600000000000023,0.0
123,2019,5,11,4,0,23.4,1,0.0,3.9,2019-05-11 04:00:00,4,-120,131,17.782271208822298,-0.4742428912679681,2.064900193373983,118.31006619607678,-0.22982401669814334,1.8026931822459262,103.28671109969932,1.3384851830179274,0.30761604105212964,0.4023466106159277,0.0,0.0,0.0,0.0,0.0,2.063504493922629,0.0,0.0,0.0,296.54999999999995,296.54999999999995,23.399999999999977,0.0
124,2019,5,11,5,0,23.0,1,0.0,4.0,2019-05-11 05:00:00,5,-105,131,17.782271208822298,-0.244588873284249,1.817891991565282,104.1575387273225,-0.037981838733172124,1.6087873036887794,92.17672263559852,1.3384851830179274,0.05083812836812731,0.1346486059337509,0.0,0.0,0.0,0.0,0.0,6.439626975474278,0.0,0.0,0.0,296.15,296.15,23.0,0.0
125,2019,5,11,6,0,22.7,1,16.6668,5.0,2019-05-11 06:00:00,6,-90,131,17.782271208822298,0.0018602448219860763,1.5689360809000092,89.89341576136641,0.16789017687597058,1.4021072512659436,80.33482792222742,1.3384851830179274,0.2247185141227457,0.14249276185701346,0.0166668,0.11696594116636293,0.01649134968465916,0.00017545031534083738,0.0166668,0.01108012902601406,2.5000400001599854e-05,0.10260085138522294,0.015467170280313533,295.84999999999997,296.21399407393,23.06399407393002,2.417966736125463
126,2019,5,11,7,0,23.0,1,72.2228,3.6,2019-05-11 07:00:00,7,-75,131,17.782271208822298,0.24830936292822092,1.3198617615772095,75.62250847907622,0.3737621924851131,1.1877344397338558,68.05217057908537,1.3384851830179274,0.5002751566136183,0.41019076653919073,0.0722228,0.1760712475547634,0.07107832773518917,0.0011444722648108335,0.0722228,0.6643512049124954,0.00046945195558559943,0.12588253365709115,0.06745016827941827,296.15,297.73732729350894,24.587327293508963,10.503179371385295
127,2019,5,11,8,0,23.1,1,144.4456,4.3,2019-05-11 08:00:00,8,-60,131,17.782271208822298,0.47796338091194046,1.07246168980905,61.44752851552702,0.5656043704500846,0.9696303998203477,55.5557295972885,1.3384851830179274,0.7570530692976211,0.650202231485559,0.1444456,0.22215488198183483,0.1420860451841628,0.002359554815837217,0.1444456,0.8450489527363393,0.0015341878065698556,0.12780942380070084,0.1353146907803545,296.25,299.43440572303103,26.284405723031057,20.978721057331143
128,2019,5,11,9,0,23.6,1,113.8898,4.3,2019-05-11 09:00:00,9,-45,131,17.782271208822298,0.675171756968763,0.8295988092809148,47.532510460874924,0.7303429833767611,0.7519723982605205,43.08484473065852,1.3384851830179274,0.9775532617709032,0.8461707719977235,0.1138898,0.13459434403662715,0.11251019693688837,0.001379603063111634,0.1138898,0.9244584699740491,0.0011673797889635957,0.11006130547697678,0.10680853667717433,296.75,299.2635608964695,26.11356089646955,16.566548880576395
129,2019,5,11,10,0,23.6,1,380.5586,4.0,2019-05-11 10:00:00,10,-30,131,17.782271208822298,0.8264950661726667,0.597943482083812,34.259637910758784,0.8567513670376196,0.541859104704262,31.046239790291587,1.3384851830179274,1.1467490103102078,0.9847414558931057,0.3805586,0.38645534594139186,0.32854732281109167,0.052011277188908356,0.3805586,0.9646848525382926,0.051217660821865484,0.3696902431611071,0.3615494636199664,296.75,305.2584640438565,32.10846404385654,55.20831444767237
130,2019,5,11,11,0,24.4,1,561.1156,6.5,2019-05-11 11:00:00,11,-15,131,17.782271208822298,0.9216208750749977,0.398559809815838,22.83579498598428,0.9362149989859037,0.3590957101557245,20.574668633176106,1.3384851830179274,1.253109904261776,1.056470920063118,0.5611155999999999,0.5311226171435713,0.3347549862581247,0.22636061374187522,0.5611155999999999,0.984411567933953,0.23914340586593094,0.635147012816495,0.5482534149203766,297.54999999999995,310.45223036445947,37.30223036445949,82.57508815964884
131,2019,5,11,12,0,25.4,1,605.5604,7.2,2019-05-11 12:00:00,12,0,131,17.782271208822298,0.9540665170018947,0.304267981987081,17.433271208822298,0.9633185640241986,0.2716906711710476,15.566728791177695,1.3384851830179274,1.2893876244724964,1.056470920063118,0.6055604,0.5731917353331611,0.30468816137879423,0.30087223862120577,0.6055604,0.9903956516900764,0.3178627707575953,0.7048753530206303,0.5978303285077127,298.54999999999995,312.6189403975481,39.468940397548124,89.52226075750471
132,2019,5,11,13,0,25.9,1,902.785,6.9,2019-05-11 13:00:00,13,15,131,17.782271208822298,0.9216208750749977,0.398559809815838,22.83579498598428,0.9362149989859037,0.3590957101557245,20.574668633176106,1.3384851830179274,1.253109904261776,0.9847414558931057,0.902785,0.9167736308828638,0.148959525,0.753825475,0.902785,0.984411567933953,0.7423231957408118,0.9137833441248533,0.901517457279167,299.04999999999995,320.26571082796966,47.11571082796968,132.23136305404165
133,2019,5,11,14,0,26.1,1,794.4508,6.4,2019-05-11 14:00:00,14,30,131,17.782271208822298,0.8264950661726667,0.597943482083812,34.259637910758784,0.8567513670376196,0.541859104704262,31.046239790291587,1.3384851830179274,1.1467490103102078,0.8461707719977235,0.7944508,0.9388776193774481,0.131084382,0.6633664180000001,0.7944508000000001,0.9646848525382926,0.5613212740364246,0.9137833441248533,0.7777104300597504,299.25,317.55211878740613,44.40211878740615,114.91874020317428
134,2019,5,11,15,0,25.8,1,708.3389999999999,7.8,2019-05-11 15:00:00,15,45,131,17.782271208822298,0.675171756968763,0.8295988092809148,47.532510460874924,0.7303429833767611,0.7519723982605205,43.08484473065852,1.3384851830179274,0.9775532617709032,0.650202231485559,0.7083389999999999,1.0894133635647667,0.116875935,0.5914630649999999,0.7083389999999999,0.9244584699740491,0.38457060470428817,0.9137833441248533,0.66727342598826,298.95,314.65316795825703,41.50316795825705,99.37628397405915
135,2019,5,11,16,0,26.3,1,505.5596,7.6,2019-05-11 16:00:00,16,60,131,17.782271208822298,0.47796338091194046,1.07246168980905,61.44752851552702,0.5656043704500846,0.9696303998203477,55.5557295972885,1.3384851830179274,0.7570530692976211,0.41019076653919073,0.5055596,1.2324987328833437,0.08341733400000001,0.422142266,0.5055596,0.8450489527363393,0.17315885967913094,0.9137833441248533,0.4418299758467377,299.45,309.8477320982599,36.697732098259905,66.6533291266859
136,2019,5,11,17,0,25.1,1,341.6694,7.1,2019-05-11 17:00:00,17,75,131,17.782271208822298,0.24830936292822092,1.3198617615772095,75.62250847907622,0.3737621924851131,1.1877344397338558,68.05217057908537,1.3384851830179274,0.5002751566136183,0.14249276185701346,0.3416694,2.3978017939104403,0.05637545100000001,0.285293949,0.3416694,0.6643512049124954,0.04065232273410394,0.9137833441248533,0.24733198142862636,298.25,304.0705459629537,30.920545962953724,37.885309208586456
137,2019,5,11,18,0,23.9,1,183.3348,8.2,2019-05-11 18:00:00,18,90,131,17.782271208822298,0.0018602448219860763,1.5689360809000092,89.89341576136641,0.16789017687597058,1.4021072512659436,80.33482792222742,1.3384851830179274,0.2247185141227457,0.1346486059337509,0.1833348,1.3615796370755107,0.030250242,0.15308455799999998,0.1833348,0.01108012902601406,0.02061262232468443,0.9137833441248533,0.032467909188139216,297.04999999999995,297.8140781295608,24.664078129560835,5.054825324537349
138,2019,5,11,19,0,22.9,1,80.5562,6.2,2019-05-11 19:00:00,19,105,131,17.782271208822298,-0.244588873284249,1.817891991565282,104.1575387273225,-0.037981838733172124,1.6087873036887794,92.17672263559852,1.3384851830179274,0.05083812836812731,0.4023466106159277,0.08055620000000001,0.20021592794501605,0.07910462290987483,0.0014515770901251807,0.08055620000000001,6.439626975474278,0.0005840371222595974,0.13423648354695292,0.08384945308701482,296.04999999999995,298.02325712931435,24.873257129314368,13.047215127019767
139,2019,5,11,20,0,22.4,1,11.1112,6.5,2019-05-11 20:00:00,20,120,131,17.782271208822298,-0.4742428912679681,2.064900193373983,118.31006619607678,-0.22982401669814334,1.8026931822459262,103.28671109969932,1.3384851830179274,0.30761604105212964,0.6423580755622964,0.0111112,0.017297517417016465,0.011093902344202844,1.7297655797155614e-05,0.0111112,2.063504493922629,1.111128888959988e-05,0.03945600800298309,0.010423326223646895,295.54999999999995,295.7952956104631,22.64529561046311,1.631219281532761
140,2019,5,11,21,0,21.8,1,0.0,5.1,2019-05-11 21:00:00,21,135,131,17.782271208822298,-0.6714512673247908,2.306961777673991,132.1791733587174,-0.3945626296248199,1.976388141470759,113.23869918597916,1.3384851830179274,0.5281162335254116,0.8383266160744615,0.0,0.0,0.0,0.0,0.0,1.701760929470836,0.0,0.0,0.0,294.95,294.95,21.80000000000001,0.0
141,2019,5,11,22,0,21.6,1,0.0,3.9,2019-05-11 22:00:00,22,150,131,17.782271208822298,-0.8227745765286947,2.537071893276177,145.36351180599016,-0.5209710132856785,2.118784467956988,121.39740771180702,1.3384851830179274,0.6973119820647165,0.976897299969842,0.0,0.0,0.0,0.0,0.0,1.5793097035084365,0.0,0.0,0.0,294.75,294.75,21.600000000000023,0.0
142,2019,5,11,23,0,21.1,1,0.0,2.9,2019-05-11 23:00:00,23,165,131,17.782271208822298,-0.9179003854310257,2.733552780695428,156.62103741009832,-0.6004346452339625,2.2148408528957657,126.90103316408299,1.3384851830179274,0.8036728760162848,1.142756635219008,0.0,0.0,0.0,0.0,0.0,1.5287265528679828,0.0,0.0,0.0,294.25,294.25,21.100000000000023,0.0
143,2019,5,12,0,0,20.3,1,0.0,2.6,2019-05-12 00:00:00,0,-180,132,18.04277769042834,-0.9489212995225214,2.8205955775969804,161.60822230957166,-0.6239917434542042,2.2446369244388515,128.60822230957166,1.3378877012641017,0.8348308792577243,1.0465580908826366,0.0,0.0,0.0,0.0,0.0,1.5207273324958095,0.0,0.0,0.0,293.45,293.45,20.30000000000001,0.0
144,2019,5,12,1,0,20.4,1,0.0,1.1,2019-05-12 01:00:00,1,-165,132,18.04277769042834,-0.9165233060900144,2.730096225747046,156.42299139990098,-0.5969279817296974,2.2104629171710357,126.65019592407641,1.3378877012641017,0.7986226052965645,0.9749659380497379,0.0,0.0,0.0,0.0,0.0,1.5354001389484822,0.0,0.0,0.0,293.54999999999995,293.54999999999995,20.399999999999977,0.0
145,2019,5,12,2,0,20.6,1,0.0,2.4,2019-05-12 02:00:00,2,-150,132,18.04277769042834,-0.8215371955047039,2.5348982335445895,145.23897027727267,-0.5175810471927218,2.114817764608933,121.17013235138306,1.3378877012641017,0.6924653174465372,0.8366605192878808,0.0,0.0,0.0,0.0,0.0,1.587262902999622,0.0,0.0,0.0,293.75,293.75,20.600000000000023,0.0
146,2019,5,12,3,0,20.2,1,0.0,2.6,2019-05-12 03:00:00,3,-135,132,18.04277769042834,-0.6704361142310084,2.3055927392379862,132.10073323434315,-0.3913583023049624,1.9729034901427664,113.03904337181054,1.3378877012641017,0.5235934594414076,0.6410671203251694,0.0,0.0,0.0,0.0,0.0,1.7131005277833027,0.0,0.0,0.0,293.34999999999997,293.34999999999997,20.19999999999999,0.0
147,2019,5,12,4,0,19.8,1,0.0,3.0,2019-05-12 04:00:00,4,-120,132,18.04277769042834,-0.47351735125138716,2.064076267849399,118.26285874088502,-0.2268616185375719,1.7996503947158697,103.11237221627205,1.3378877012641017,0.3035153693302857,0.4015151080675402,0.0,0.0,0.0,0.0,0.0,2.0872519305109565,0.0,0.0,0.0,292.95,292.95,19.80000000000001,0.0
148,2019,5,12,5,0,19.6,1,0.0,2.4,2019-05-12 05:00:00,5,-105,132,18.04277769042834,-0.2442005948392596,1.8174915706861199,104.1345963009176,-0.03530117304567504,1.606104835848905,92.02302854969413,1.3378877012641017,0.04722900525800446,0.1343295562719323,0.0,0.0,0.0,0.0,0.0,6.917633998261089,0.0,0.0,0.0,292.75,292.75,19.600000000000023,0.0
149,2019,5,12,6,0,19.6,1,30.5558,2.5,2019-05-12 06:00:00,6,-90,132,18.04277769042834,0.001886597019746669,1.5689097286560036,89.8919058890042,0.17026850637906013,1.3996941787870336,80.1965690535267,1.3378877012641017,0.2278001405971527,0.14228128125178494,0.0305558,0.21475628931066204,0.029965215479757317,0.0005905845202426839,0.0305558,0.01108012902601397,8.402912222759978e-05,0.1390254150792564,0.028133026997007884,292.75,293.41206390199625,20.26206390199627,4.429642109676485
150,2019,5,12,7,0,20.0,1,166.668,3.0,2019-05-12 07:00:00,7,-75,132,18.04277769042834,0.24797378887875277,1.3202081699745807,75.64235621823349,0.3758381858037951,1.185495219158264,67.9238726907051,1.3378877012641017,0.5028292864523096,0.40946683304739334,0.166668,0.40703663043865923,0.13890345401755488,0.027764545982445127,0.166668,0.6597887022799928,0.011368660714430533,0.4081494128467234,0.1494770633288057,293.15,296.66769355700455,23.517693557004577,23.340377875752456
151,2019,5,12,8,0,20.6,1,261.1132,2.5,2019-05-12 08:00:00,8,-60,132,18.04277769042834,0.4772905452908807,1.073227526582214,61.49140773042523,0.5673986312956923,0.9674530581677457,55.430977110036366,1.3378877012641017,0.7591156505245914,0.6490188453050221,0.2611132,0.40231990471291096,0.21947875206629186,0.04163444793370813,0.2611132,0.841190864702927,0.02702154132284731,0.399311659727727,0.2423421579483916,293.75,299.4531187837188,26.303118783718844,37.570068935397934
152,2019,5,12,9,0,21.5,1,333.336,4.8,2019-05-12 09:00:00,9,-45,132,18.04277769042834,0.6742093082705016,0.8309027626580029,47.60722148606391,0.7318953150630827,0.7496970833029536,42.95447878652694,1.3378877012641017,0.9791937406357132,0.844612244267733,0.333336,0.394661576672971,0.2839302980618032,0.04940570193819682,0.333336,0.921182707956521,0.0417286607936431,0.3849882077248987,0.3141446093944882,294.65,302.04286980775026,28.892869807750287,48.37503330732956
153,2019,5,12,10,0,22.7,1,577.7824,5.2,2019-05-12 10:00:00,10,-30,132,18.04277769042834,0.8253103895441971,0.6000446734758877,34.38002730947394,0.858118059950842,0.5392032246417419,30.89406907181624,1.3378877012641017,1.1480655986408426,0.9829176630295915,0.5777824,0.5878238043043544,0.27183530230923914,0.3059470976907609,0.5777824,0.9617678826051926,0.30072080627288883,0.7276809649630961,0.5598613034629901,295.84999999999997,309.025402674829,35.87540267482905,84.64399619373125
154,2019,5,12,11,0,23.9,1,930.563,6.8,2019-05-12 11:00:00,11,-15,132,18.04277769042834,0.9202965001295078,0.4019586330985588,23.03053321539498,0.9374649944878177,0.35552178287237496,20.36989768355352,1.3378877012641017,1.2542228864908702,1.0545098158624886,0.930563,0.8824602540459883,0.153542895,0.7770201050000001,0.930563,0.9816862555303306,0.8193753278450017,0.9137833441248533,0.9273381720616948,297.04999999999995,318.8733583158518,45.72335831585184,136.53683572683556
155,2019,5,12,12,0,24.7,1,986.1189999999999,7.8,2019-05-12 12:00:00,12,0,132,18.04277769042834,0.9526944935620145,0.30881467781389277,17.693777690428355,0.9645287562123244,0.26714397534423595,15.306222309571643,1.3378877012641017,1.2904311604520298,1.0545098158624886,0.986119,0.9351444483173905,0.162709635,0.823409365,0.986119,0.9877305237670854,0.8682932578655986,0.9137833441248533,0.9888755741373919,297.84999999999997,321.12153851136657,47.97153851136659,144.70509636478738
156,2019,5,12,13,0,25.1,1,1052.7862,6.1,2019-05-12 13:00:00,13,15,132,18.04277769042834,0.9202965001295078,0.4019586330985588,23.03053321539498,0.9374649944878177,0.35552178287237496,20.36989768355352,1.3378877012641017,1.2542228864908702,0.9829176630295915,1.0527862000000001,1.0710827972661074,0.17370972300000004,0.8790764770000001,1.0527862000000001,0.9816862555303306,0.8640597963971266,0.9137833441248533,1.0494723980980227,298.25,322.94758376857345,49.797583768573475,152.8033181444574
157,2019,5,12,14,0,25.2,1,991.6746,7.7,2019-05-12 14:00:00,14,30,132,18.04277769042834,0.8253103895441971,0.6000446734758877,34.38002730947394,0.858118059950842,0.5392032246417419,30.89406907181624,1.3378877012641017,1.1480655986408426,0.844612244267733,0.9916746000000001,1.1741181906020888,0.16362630900000003,0.828048291,0.9916746000000001,0.9617678826051926,0.6993797254235709,0.9137833441248533,0.9686188803017,298.34999999999997,321.14483098309995,47.99483098309997,141.7318197760128
158,2019,5,12,15,0,25.1,1,880.5626,6.5,2019-05-12 15:00:00,15,45,132,18.04277769042834,0.6742093082705016,0.8309027626580029,47.60722148606391,0.7318953150630827,0.7496970833029536,42.95447878652694,1.3378877012641017,0.9791937406357132,0.6490188453050221,0.8805626,1.3567596786594978,0.145292829,0.735269771,0.8805626,0.921182707956521,0.477203937762108,0.9137833441248533,0.8266866839373246,298.25,317.70469329532506,44.55469329532508,122.10511939060073
159,2019,5,12,16,0,24.9,1,722.2280000000001,7.1,2019-05-12 16:00:00,16,60,132,18.04277769042834,0.4772905452908807,1.073227526582214,61.49140773042523,0.5673986312956923,0.9674530581677457,55.430977110036366,1.3378877012641017,0.7591156505245914,0.40946683304739334,0.7222280000000001,1.7638253985675234,0.11916762000000002,0.6030603800000001,0.7222280000000001,0.841190864702927,0.2469332239349576,0.9137833441248533,0.6279231981831443,298.04999999999995,312.82712593057664,39.677125930576665,93.97606258062213
160,2019,5,12,17,0,23.9,1,533.3376,7.5,2019-05-12 17:00:00,17,75,132,18.04277769042834,0.24797378887875277,1.3202081699745807,75.64235621823349,0.3758381858037951,1.185495219158264,67.9238726907051,1.3378877012641017,0.5028292864523096,0.14228128125178494,0.5333376,3.7484734134224644,0.088000704,0.445336896,0.5333376,0.6597887022799928,0.0633631041515729,0.9137833441248533,0.38347383250172545,297.04999999999995,306.07441752487387,32.92441752487389,58.43057502350804
161,2019,5,12,18,0,23.6,1,319.447,6.3,2019-05-12 18:00:00,18,90,132,18.04277769042834,0.001886597019746669,1.5689097286560036,89.8919058890042,0.17026850637906013,1.3996941787870336,80.1965690535267,1.3378877012641017,0.2278001405971527,0.1343295562719323,0.319447,2.3780842345173987,0.052708754999999996,0.266738245,0.319447,0.01108012902601397,0.03583083009160396,0.9137833441248533,0.05582889291138404,296.75,298.0638399465146,24.9138399465146,8.686226407812764
162,2019,5,12,19,0,22.7,1,63.8894,6.9,2019-05-12 19:00:00,19,105,132,18.04277769042834,-0.2442005948392596,1.8174915706861199,104.1345963009176,-0.03530117304567504,1.606104835848905,92.02302854969413,1.3378877012641017,0.04722900525800446,0.4015151080675402,0.0638894,0.1591207870296451,0.06297444815502333,0.0009149518449766691,0.0638894,6.917633998261089,0.0003673669889124026,0.11966984094862063,0.06555209508938857,295.84999999999997,297.3926593044369,24.242659304436927,10.216683341340602
163,2019,5,12,20,0,21.9,1,5.5556,5.8,2019-05-12 20:00:00,20,120,132,18.04277769042834,-0.47351735125138716,2.064076267849399,118.26285874088502,-0.2268616185375719,1.7996503947158697,103.11237221627205,1.3378877012641017,0.3035153693302857,0.6410671203251694,0.0055556,0.008666175231670008,0.005551266877719464,4.333122280535985e-06,0.0055556,2.0872519305109565,2.777822222400035e-06,0.027927688247513623,0.005205431334440348,295.04999999999995,295.1725011507371,22.022501150737128,0.815935444633547
164,2019,5,12,21,0,21.3,1,0.0,4.4,2019-05-12 21:00:00,21,135,132,18.04277769042834,-0.6704361142310084,2.3055927392379862,132.10073323434315,-0.3913583023049624,1.9729034901427664,113.03904337181054,1.3378877012641017,0.5235934594414076,0.8366605192878808,0.0,0.0,0.0,0.0,0.0,1.7131005277833027,0.0,0.0,0.0,294.45,294.45,21.30000000000001,0.0
165,2019,5,12,22,0,20.8,1,0.0,5.5,2019-05-12 22:00:00,22,150,132,18.04277769042834,-0.8215371955047039,2.5348982335445895,145.23897027727267,-0.5175810471927218,2.114817764608933,121.17013235138306,1.3378877012641017,0.6924653174465372,0.9749659380497379,0.0,0.0,0.0,0.0,0.0,1.587262902999622,0.0,0.0,0.0,293.95,293.95,20.80000000000001,0.0
166,2019,5,12,23,0,20.6,1,0.0,3.2,2019-05-12 23:00:00,23,165,132,18.04277769042834,-0.9165233060900144,2.730096225747046,156.42299139990098,-0.5969279817296974,2.2104629171710357,126.65019592407641,1.3378877012641017,0.7986226052965645,1.1419787906408692,0.0,0.0,0.0,0.0,0.0,1.5354001389484822,0.0,0.0,0.0,293.75,293.75,20.600000000000023,0.0
167,2019,5,13,0,0,20.4,1,0.0,1.8,2019-05-13 00:00:00,0,-180,133,18.29793770760969,-0.9475067949458215,2.8161421951777204,161.35306229239032,-0.6205055564914898,2.2401835420195915,128.3530622923903,1.3372988461126865,0.8298013647025795,0.04834085407790815,0.0,0.0,0.0,0.0,0.0,1.5269916361479297,0.0,0.0,0.0,293.54999999999995,293.54999999999995,20.399999999999977,0.0
